,id,longid,guid,name,entrytype,entrytype_text,description_short,rock_parent,rock_parent2,rock_root,rock_bgs_code,meteoritical_code
0,11263,1:1:11263:9,35dd2df7-822d-4e7b-81e1-09979bed5df7,Lodranite meteorite,7,rock,Lodranites can be described as chondrites that were heated to the point where FeNi and FeS reach an eutectic point. At this point partial melting occurred and some of the metal and silica melt was removed.,49847,0,1,,Lodranite
1,49515,1:1:49515:2,b6bb2dbe-bab1-48b6-885d-5dca1e3964fa,Chondrite meteorite,7,rock,,49514,0,1,,Chondrite-uncl
2,49517,1:1:49517:0,f07b841d-d0ab-4f0a-85a5-b0b0261adac0,Chondrite-fusion crust meteorite,7,rock,A piece of fusion crust that became detatched from a chondrite.,49515,0,0,,Chondrite-fusion crust
3,49518,1:1:49518:9,c3f1cbbc-d854-4a6d-8899-3c0165a5b761,Ungrouped chondrite meteorite,7,rock,An ungrouped chondrite.,49515,0,0,,Chondrite-ung
4,49519,1:1:49519:8,d60e097d-27cd-449d-8a33-2ec70dbc05ce,Carbonaceous chondrite meteorite,7,rock,"Stony (non-metallic) meteorites that have not been modified due to melting or differentiation of the parent body.

They include some of the most primitive known meteorites. The C chondrites represent only a small proportion (4.6%) of meteorite falls....",49515,0,1,,C
5,49520,1:1:49520:4,073ad083-24ad-4527-a6a8-0c7df1a49b8c,C chondrite meteorite,7,rock,Undifferentiated carbonaceous chondrites.,49519,0,1,,C
6,49522,1:1:49522:2,60efc36c-1f8f-428f-a3af-cdcb1c2c65ef,Ungrouped C1 chondrite meteorite,7,rock,"A C chondrite that is petrologic type 1, ungrouped.",49521,0,0,,C1-ung
7,49523,1:1:49523:1,1f3cde5b-63a9-4e9d-9108-3e9752b411a9,Ungrouped C1/2 chondrite meteorite,7,rock,"A C chondrite that is transitional between petrologic type 1 and 2, ungrouped",49521,49524,0,,C1/2-ung
8,49524,1:1:49524:0,9bdadcd8-6d6f-4a0a-9135-a2ae1ff68d11,C2 chondrite meteorite,7,rock,A C chondrite that is petrologic type 2.,49520,49841,1,,C2
9,49525,1:1:49525:9,1937d736-eb64-4ed6-81eb-3c40c8684544,Ungrouped C2 chondrite meteorite,7,rock,"A C chondrite that is petrologic type 2, ungrouped.",49524,0,0,,C2-ung
10,49526,1:1:49526:8,fe891aaa-521a-42d9-b417-4846c0e648e7,C3 chondrite meteorite,7,rock,A C chondrite that is petrologic type 3.,49520,49842,1,,C3
11,49527,1:1:49527:7,4bb6db3b-efe5-446e-a426-122e0f345b8b,Ungrouped C3 chondrite meteorite,7,rock,"A C chondrite that is petrologic type 3, ungrouped.",49526,0,0,,C3-ung
12,49528,1:1:49528:6,22380ef7-023a-4549-bd63-e4dec59424a9,Ungrouped C3.0 chondrite meteorite,7,rock,"A C chondrite that is petrologic type 3.0, ungrouped.",49526,0,0,,C3.0-ung
13,49529,1:1:49529:5,9ae4bfba-bc75-4d49-a32a-0aacef0a7f9d,Ungrouped C3/4 chondrite meteorite,7,rock,"A C chondrite that is transitional between petrologic type 3 and 4, ungrouped",49526,49530,0,,C3/4-ung
14,49530,1:1:49530:1,16d0ed79-bd68-4f8d-9231-87009eac70d0,C4 chondrite meteorite,7,rock,A C chondrite that is petrologic type 4.,49520,49843,1,,C4
15,49531,1:1:49531:0,d3f3b882-0256-4aaf-8080-a07df5d5df0c,C4-ung chondrite meteorite,7,rock,"A C chondrite that is petrologic type 4, ungrouped.",49530,0,0,,C4-ung
16,49532,1:1:49532:9,614bfa8b-d6d2-4cee-a174-412b636ee3ea,C4/5 chondrite meteorite,7,rock,A C chondrite that is transitional between petrologic type 4 and 5.,49530,49533,0,,C4/5
17,49534,1:1:49534:7,67aab9d3-1a54-42dd-a6c0-e5a61480c025,C5/6-ung chondrite meteorite,7,rock,"A C chondrite that is transitional between petrologic type 5 and 6, ungrouped",49533,49535,0,,C5/6-ung
18,49535,1:1:49535:6,97334e80-6d62-4cf5-b997-29221f6c23bf,C6 chondrite meteorite,7,rock,A C chondrite that is petrologic type 6.,49520,49845,1,,C6
19,49536,1:1:49536:5,0f84472d-5a87-43fa-af86-88207bcab293,CB chondrite meteorite,7,rock,Bencubbn class carbonaceous chondrite. With metal and pyroxene. Ongoing research suggests this is the product of asteroidal collisions.,49519,0,1,,CB
20,49537,1:1:49537:4,05e98d0e-32a4-4d2d-81a8-1875b8851b8a,CBa chondrite meteorite,7,rock,A CB chondrite of subtype a (contains large chondrule-like objects).,49536,0,1,,CBa
21,49538,1:1:49538:3,6c9ebd6b-9818-42f0-8f06-18913758a09a,CBb chondrite meteorite,7,rock,A CB chondrite of subtype b (contains small chondrules).,49536,0,1,,CBb
22,49540,1:1:49540:8,c62da41e-297f-41f2-83c1-fdd7141a0d19,CH3 chondrite meteorite,7,rock,A CH chondrite that is of petrologic type 3.,49539,49842,1,,CH3
23,49542,1:1:49542:6,76107c20-b745-47eb-83e2-c5a3c6b74ec8,CI1 chondrite meteorite,7,rock,A CI chondrite that is of petrologic type 1.,49541,49840,1,,CI1
24,49543,1:1:49543:5,546fcda5-726c-4cb2-8e0a-fa64b4256f1c,CK chondrite meteorite,7,rock,"The Karoonda (CK) chemical group of carbonaceous chondrites, distinguished by abundant fine-grained matrix (~75 vol%), mm-sized chondrules that lack igneous rims,  relatively few refractory inclusions, and a high degree of oxidation; most CK chondrites...",49519,0,1,,CK
25,49544,1:1:49544:4,f792d969-4fe2-41a9-9ade-3cd7351a377c,CK3 chondrite meteorite,7,rock,A CK chondrite that is of petrologic type 3.,49543,49842,1,,CK3
26,49545,1:1:49545:3,472cd3e3-4f50-4ede-8a19-078269804d58,Anomalous CK3 chondrite meteorite,7,rock,A CK chondrite that is petrologic type 3 and has anomalous properties.,49544,0,0,,CK3-an
27,49546,1:1:49546:2,9309c198-b69d-40de-8ef3-8cefbec613a0,CK3.8 chondrite meteorite,7,rock,A CK chondrite that is of petrologic type 3.8.,49544,0,0,,CK3.8
28,49547,1:1:49547:1,56a3971f-2209-4f11-a1c6-e6c81ad6d0c4,CK3/4 chondrite meteorite,7,rock,A CK chondrite that is transitional between petrologic type 3 and 4.,49544,49548,0,,CK3/4
29,49548,1:1:49548:0,bac4d1b1-5ca5-48c4-833a-efa7bdbfa7f9,CK4 chondrite meteorite,7,rock,A CK chondrite that is of petrologic type 4.,49543,49843,1,,CK4
30,49549,1:1:49549:9,2b5c9ad5-2336-4eab-bc7a-21d732f71048,Anomalous CK4 chondrite meteorite,7,rock,A CK chondrite that is petrologic type 4 and has anomalous properties.,49548,0,0,,CK4-an
31,49550,1:1:49550:5,513fb5ea-383d-4083-845f-4adc811cdf19,CK5 chondrite meteorite,7,rock,A CK chondrite that is of petrologic type 5.,49543,49844,1,,CK5
32,49551,1:1:49551:4,193188ee-067e-4c59-8e92-ca8fc0d9de95,CK6 chondrite meteorite,7,rock,A CK chondrite that is of petrologic type 6.,49543,49845,1,,CK6
33,49552,1:1:49552:3,c47d65df-ead8-4caa-a956-02b3f4aad3f1,CM chondrite meteorite,7,rock,"The Mighei (CM) chemical group of carbonaceous chondrites, distinguished by small chondrules and refractory inclusions (0.3 mm), abundant fine-grained matrix (~70 vol%), and abundant hydrated minerals.",49519,0,1,,CM
34,49553,1:1:49553:2,39357c7e-ccc2-489f-8af7-1307b5af80c5,CM1 chondrite meteorite,7,rock,A CM chondrite that is of petrologic type 1.,49552,49840,1,,CM1
35,49554,1:1:49554:1,22953eae-618c-4a2e-b59b-8f007e57e1b5,CM1/2 chondrite meteorite,7,rock,A CM chondrite that is transitional between petrologic type 1 and 2.,49553,49557,0,,CM1/2
36,49556,1:1:49556:9,57fc2a17-e4f1-4e4f-ad9f-5d113d5c9750,Anomalous CM chondrite meteorite,7,rock,A CM chondrite that is anomalous and for which the petrologic type has not been determined.,49552,0,0,,CM-an
37,49557,1:1:49557:8,8e49d88a-ea6e-4c87-bb2e-15b97fc6761b,CM2 chondrite meteorite,7,rock,A CM chondrite that is of petrologic type 2.,49552,49841,1,,CM2
38,49558,1:1:49558:7,6c0acc28-062b-4c12-945d-8d1ef46217e1,Anomalous CM2 chondrite meteorite,7,rock,A CM chondrite that is petrologic type 2 and has anomalous properties.,49557,49557,0,,CM2-an
39,49559,1:1:49559:6,c8e646e8-80a2-46a2-aa78-7eda291f9b7e,CO chondrite meteorite,7,rock,"The Ornans (CO) chemical group of carbonaceous chondrites, distinguished by small chondrules and refractory inclusions.",49519,0,1,,CO
40,49560,1:1:49560:2,6e9c9a96-850e-4856-a6eb-c8ee889b65e2,CO3 chondrite meteorite,7,rock,A CO chondrite that is of petrologic type 3.,49559,49842,1,,CO3
41,49561,1:1:49561:1,f57839ed-9ab9-483c-ad7d-21b347430735,CO3.0 chondrite meteorite,7,rock,A CO chondrite that is of petrologic type 3.0.,49560,0,0,,CO3.0
42,49562,1:1:49562:0,3851f784-e79d-4ba2-9815-5849ff2e7476,CO3.1 chondrite meteorite,7,rock,A CO chondrite that is of petrologic type 3.1.,49560,0,0,,CO3.1
43,49563,1:1:49563:9,2f326050-e8c9-4af3-a233-bbad12f70608,CO3.2 chondrite meteorite,7,rock,A CO chondrite that is of petrologic type 3.2.,49560,0,0,,CO3.2
44,49564,1:1:49564:8,e672b1fe-5f0c-46bf-98fd-a0324ae7af13,CO3.3 chondrite meteorite,7,rock,A CO chondrite that is of petrologic type 3.3.,49560,0,0,,CO3.3
45,49565,1:1:49565:7,29fe331e-5f36-4768-907f-b43786a5e044,CO3.4 chondrite meteorite,7,rock,A CO chondrite that is of petrologic type 3.4.,49560,0,0,,CO3.4
46,49566,1:1:49566:6,5dff6f4a-f152-458e-bba8-0da5365c53c3,CO3.5 chondrite meteorite,7,rock,A CO chondrite that is of petrologic type 3.5.,49560,0,0,,CO3.5
47,49567,1:1:49567:5,0e707f4a-f5df-4a13-992e-a9dcc3251be2,CO3.6 chondrite meteorite,7,rock,A CO chondrite that is of petrologic type 3.6.,49560,0,0,,CO3.6
48,49568,1:1:49568:4,1c6e283e-f2bb-4661-bb66-6d4ef6c9d674,CO3.7 chondrite meteorite,7,rock,A CO chondrite that is of petrologic type 3.7.,49560,0,0,,CO3.7
49,49569,1:1:49569:3,7408f756-274b-4085-8e57-6af17225cee2,CO3.8 chondrite meteorite,7,rock,A CO chondrite that is of petrologic type 3.8.,49560,0,0,,CO3.8
50,49571,1:1:49571:8,a60b0d08-6edb-4e44-8b23-d2d7e6818c28,CR chondrite meteorite,7,rock,"The Renazzo (CR) chemical group of carbonaceous chondrites, distinguished by large, abundant porphyritic chondrules (0.7 mm, 50 vol%), many of which have igneous rims, few refractory inclusions, abundant metal (5-8 vol%), and fine-grained matrix that i...",49519,0,1,,CR
51,49572,1:1:49572:7,ba12f512-4d41-4c83-9d48-729038ac9133,CR1 chondrite meteorite,7,rock,A CR chondrite that is of petrologic type 1.,49571,49840,1,,CR1
52,49573,1:1:49573:6,10ebeb1c-ecd1-4781-a7da-f0bba9810795,CR2 chondrite meteorite,7,rock,A CR chondrite that is of petrologic type 2.,49571,49841,1,,CR2
53,49574,1:1:49574:5,fb84f221-eda6-44e2-9363-706e03e2486a,Anomalous CR2 chondrite meteorite,7,rock,A CR chondrite that is of petrologic type 2 and has anomalous properties.,49573,0,0,,CR2-an
54,49575,1:1:49575:4,17f0d5ea-6ce9-4f08-b104-d64d1356ec10,CR6 chondrite meteorite,7,rock,A CR chondrite that is of petrologic type 6.,49571,49845,1,,CR6
55,49576,1:1:49576:3,8cb422e1-c90d-43b2-8283-7366657af48a,CR7 chondrite meteorite,7,rock,A CR chondrite that is of petrologic type 7. Note that perologic type 7 is not used consistently or widely accepted in the literature.,49571,49846,0,,CR7
56,49578,1:1:49578:1,9d219462-5247-4fd6-b504-0b5e8a6632b1,CV2 chondrite meteorite,7,rock,A CV chondrite that is of petrologic type 2.,49577,49841,1,,CV2
57,49579,1:1:49579:0,cd4cfee4-b843-4a07-821c-1d54406ae707,CV3 chondrite meteorite,7,rock,A CV chondrite that is of petrologic type 3.,49577,49842,1,,CV3
58,49580,1:1:49580:6,ff0fdfa5-70eb-477a-9bd4-b215f75265f3,Anomalous CV3 chondrite meteorite,7,rock,A CV chondrite that is petrologic type 3 and has anomalous properties.,49579,0,0,,CV3-an
59,49581,1:1:49581:5,5fb782f3-f128-4673-9aed-cd03e235802b,Ordinary chondrite meteorite,7,rock,"A major class of chondrites, distinguished by sub-solar Mg/Si and refractory/Si ratios, oxygen isotope compositions that plot above the terrestrial fractionation line, and a large volume percentage of chondrules, with only 10-15 vol% fine-grained matrix.",49515,0,1,,OC
60,49584,1:1:49584:2,bb27e2e2-9331-4bb5-9cbf-b7fae43b5420,H chondrite meteorite,7,rock,"The high-iron (H) chemical group of ordinary chondrites, distinguished by their high siderophile element content, relatively small chondrules (~0.3 mm), and oxygen isotope compositions that are closer to the terrestrial fractionation line than those of...",49581,0,1,,H
61,49585,1:1:49585:1,f417c8c1-a218-4ae7-a79d-0e8213892c59,H3 chondrite meteorite,7,rock,An H chondrite that is of petrologic type 3.,49584,49842,1,,H3
62,49586,1:1:49586:0,3a16c078-cc59-4041-ab45-5a13a080c731,H(L)3 chondrite meteorite,7,rock,"An H chondrite (or less likely, an L chondrite) that is of petrologic type 3.",49585,49649,0,,H(L)3
63,49587,1:1:49587:9,8bb2335a-eea4-4f2b-a38d-cdf355bc1842,H/L3.5 chondrite meteorite,7,rock,An H chondrite or L chondrite that is of petrological type 3.5.,50445,0,0,,H/L3.5
64,49588,1:1:49588:8,60671b38-1d34-4038-b6a1-f75036433e73,H/L3.6 chondrite meteorite,7,rock,An H chondrite or L chondrite that is of petrological type 3.6.,50445,0,0,,H/L3.6
65,49589,1:1:49589:7,60684aab-ec16-4a7d-ae8b-576e15bf7956,H/L3.7 chondrite meteorite,7,rock,An H chondrite or L chondrite that is of petrological type 3.7.,50445,0,0,,H/L3.7
66,49590,1:1:49590:3,5ff4b41c-2af2-4241-845c-1019b8ce6c85,H/L3.9 chondrite meteorite,7,rock,An H chondrite or L chondrite that is of petrological type 3.9.,50445,0,0,,H/L3.9
67,49591,1:1:49591:2,8b1fe643-0cf5-4ab3-9dcb-927d85450468,H/L3-4 chondrite meteorite,7,rock,An H chondrite or L chondrite that is a breccia of petrological type 3 and 4 components.,50445,49609,0,,H/L3-4
68,49592,1:1:49592:1,818a5c48-b7c4-46a1-a6bb-1d956127e2ec,H3/4 chondrite meteorite,7,rock,An H chondrite that is transitional between petrologic type 3 and 4.,49585,49606,0,,H3/4
69,49593,1:1:49593:0,b0c051a3-e0de-48e8-b322-ebf2d5f4675b,H3-an chondrite meteorite,7,rock,An H chondrite that is petrologic type 3 and has anomalous properties.,49585,0,0,,H3-an
70,49595,1:1:49595:8,cd1496c6-c79f-4aac-b5e7-06e70d459f88,H(L)3-an chondrite meteorite,7,rock,"An H chondrite (or less likely, an L chondrite) that is of petrologic type 3 and has anomalous properties.",49586,0,0,,H(L)3-an
71,49596,1:1:49596:7,34562df1-857e-4af6-aa3e-9e44b3d4b267,H(L)3.1 chondrite meteorite,7,rock,"An H chondrite (or less likely, an L chondrite) that is of petrologic type 3.1.",49586,0,0,,H(L)3.1
72,49597,1:1:49597:6,12ecf616-0fc4-4cd7-a955-497fa850a976,H3.0 chondrite meteorite,7,rock,An H chondrite that is petrologic type 3.0.,49585,0,0,,H3.0
73,49599,1:1:49599:4,3e9c5d06-d018-485a-91c9-08eab2691129,H3.0-3.4 chondrite meteorite,7,rock,An H chondrite that is a breccia of components ranging from petrologic type 3.0 to type 3.4,49585,0,0,,H3.0-3.4
74,49600,1:1:49600:9,3492f466-e09c-47aa-8516-46ccb98be18c,H3.1 chondrite meteorite,7,rock,An H chondrite that is petrologic type 3.1.,49585,0,0,,H3.1
75,49603,1:1:49603:6,3146b065-b754-4396-8583-4a5f61deb852,H3.2 chondrite meteorite,7,rock,An H chondrite that is petrologic type 3.2.,49585,0,0,,H3.2
76,49604,1:1:49604:5,19b13557-4394-45ae-a04f-4f9b61d5f29f,H3.2-3.7 chondrite meteorite,7,rock,An H chondrite that is a breccia of components ranging from petrologic type 3.2 to type 3.7.,49585,0,0,,H3.2-3.7
77,49606,1:1:49606:3,31c0bbab-1e30-4573-a590-9bb0cbaacc3a,H4 chondrite meteorite,7,rock,An H chondrite that is of petrologic type 4.,49584,49843,1,,H4
78,49607,1:1:49607:2,6aaa2e0c-98e7-4aa9-b281-af7e6d3261ec,H4-melt breccia chondrite meteorite,7,rock,An H4 chondrite that is a breccia with melted material forming the matrix.,49606,0,0,,H4-melt breccia
79,49608,1:1:49608:1,f9ddf8b9-02ed-4786-b084-8bf39957e9b2,H4-an chondrite meteorite,7,rock,An H chondrite that is petrologic type 4 and has anomalous properties.,49606,0,0,,H4-an
80,49609,1:1:49609:0,5cb47d89-8e89-47c0-a1e1-7242458a7559,H/L4 chondrite meteorite,7,rock,An H chondrite or L chondrite that is of petrological type 4.,49606,49695,0,,H/L4
81,49610,1:1:49610:6,3b0c1eb4-915e-41a1-92d9-cb0bf6840302,H/L4/5 chondrite meteorite,7,rock,An H chondrite or L chondrite that is transitional between petrological types 4 and 5.,49609,49617,0,,H/L4/5
82,49612,1:1:49612:4,237f492a-4a57-48a3-9d0f-4ef463d8cca3,H4/5 chondrite meteorite,7,rock,An H chondrite that is transitional between petrological types 4 and 5.,49606,0,0,,H4/5
83,49614,1:1:49614:2,45d9ff26-d3da-4115-99fd-272a86210cb0,H5 chondrite meteorite,7,rock,An H chondrite that is of petrologic type 5.,49584,49844,1,,H5
84,49615,1:1:49615:1,dfcf265f-e120-4f3d-88f3-0e28ffcfcd5b,H5-an chondrite meteorite,7,rock,An H chondrite that is petrologic type 5 and has anomalous properties.,49614,0,0,,H5-an
85,49616,1:1:49616:0,658f02d0-fc45-4988-90d4-e4abe7e6a55d,H5-melt breccia chondrite meteorite,7,rock,An H5 chondrite that is a breccia with melted material forming the matrix.,49614,0,0,,H5-melt breccia
86,49617,1:1:49617:9,cfe11f69-3225-4659-ad2a-654b913f8a47,H/L5 chondrite meteorite,7,rock,An H chondrite or L chondrite that is of petrological type 5.,49614,0,0,,H/L5
87,49618,1:1:49618:8,98807f94-de06-4386-9995-46ee6b538694,H5-6 chondrite meteorite,7,rock,An H chondrite that is a breccia of petrological type 5 and 6 components.,49614,0,0,,H5-6
88,49619,1:1:49619:7,0d2409c5-725c-4a1c-9835-e9fd536b2ff1,H6 chondrite meteorite,7,rock,An H chondrite that is of petrologic type 6.,49584,49845,1,,H6
89,49620,1:1:49620:3,cf02a121-3ad0-4d8d-9eed-17696ca5fe8d,H6-an chondrite meteorite,7,rock,An H chondrite that is petrologic type 6 and has anomalous properties.,49619,0,0,,H6-an
90,49621,1:1:49621:2,460ce072-ac4b-4754-9c00-ca89147af82b,H6-melt breccia chondrite meteorite,7,rock,An H6 chondrite that is a breccia with melted material forming the matrix.,49619,0,0,,H6-melt breccia
91,49622,1:1:49622:1,ffa0454c-5e52-471a-aab9-26a8f975aed4,H(L)6 chondrite meteorite,7,rock,"An H chondrite (or less likely, an L chondrite) that is of petrologic type 6.",49585,49710,0,,H(L)6
92,49623,1:1:49623:0,5b06c4a6-ef54-4fcc-9e06-5823f7ea0be5,H/L6-melt rock chondrite meteorite,7,rock,An H chondrite or L chondrite that is of petrological type 6 and has experienced secondary melting.,50449,0,0,,H/L6-melt rock
93,49625,1:1:49625:8,a2e7d04e-8f0d-4a38-a9db-2b7ee300c0e0,H7 chondrite meteorite,7,rock,An H chondrite that is of petrologic type 7. Note that petrologic type 7 is not used consistently or widely accepted in the literature.,49584,49846,0,,H7
94,49626,1:1:49626:7,36c10022-7478-4387-a9b4-80d48c63e637,H-an chondrite meteorite,7,rock,An H chondrite that is anomalous and for which the petrologic type has not been determined.,49584,0,0,,H-an
95,49627,1:1:49627:6,cfde21b7-2b18-47a6-be2d-1f4040e5ed72,H-imp melt chondrite meteorite,7,rock,An H chondrite that has experienced impact melting and for which the petrologic type has not been determined.,49584,0,0,,H-imp melt
96,49628,1:1:49628:5,d907cef8-0fed-4b52-9a3a-dec05572c4d7,H-melt breccia chondrite meteorite,7,rock,An H chondrite that is a breccia with melted material forming the matrix and for which the petrologic type has not been determined.,49584,0,0,,H-melt breccia
97,49629,1:1:49629:4,442d3f95-9675-4006-91ae-9cafb7d97daa,H-melt rock chondrite meteorite,7,rock,An H chondrite that has experienced secondary melting and for which the petrologic type has not been determined.,49584,0,0,,H-melt rock
98,49630,1:1:49630:0,ea18cebb-5c58-4e90-ada1-50f2dacbbd03,H-metal chondrite meteorite,7,rock,A meteorite that is dominantly composed of Fe-Ni metal. It seems likely that the object was derived from an ordinary H chondrite and was not once part of an extended metal-rich body.,49584,0,0,,H-metal
99,49631,1:1:49631:9,1ee6c554-a82d-4e77-88d6-8c9c0bd85d30,H? chondrite meteorite,2,variety,An ordinary chondrite that may be from the H chondrite group and for which petrologic type has not been determined.,49584,0,0,,H?
100,49632,1:1:49632:8,03504bb6-23b3-4bc5-983f-92c61e647d89,H~4 chondrite meteorite,2,variety,An H chondrite that is approximately petrologic type 4.,49584,0,0,,H~4
101,49633,1:1:49633:7,5edb1182-ee6a-40c5-830a-d4b393fd7fbc,H~4/5 chondrite meteorite,2,variety,An H chondrite that is approximately petrologic type 4 or 5.,49584,0,0,,H~4/5
102,49634,1:1:49634:6,7341c59d-064d-4254-937d-044c02cd7e50,H~5 chondrite meteorite,2,variety,An H chondrite that is approximately petrologic type 5.,49584,0,0,,H~5
103,49635,1:1:49635:5,760f4650-25fd-4ecc-9748-644277aa8828,H~6 chondrite meteorite,2,variety,An H chondrite that is approximately petrologic type 6.,49584,0,0,,H~6
104,49636,1:1:49636:4,9ec78d81-20c0-4cbb-8487-d1b989e6b3b6,H(5?) chondrite meteorite,2,variety,An H chondrite that is possibly petrologic type 5.,49584,0,0,,H(5?)
105,49637,1:1:49637:3,492a4c1f-6727-4e37-9684-c8f424f9f631,H5-7 chondrite meteorite,2,variety,An H chondrite that is a breccia of petrological types 5 to 7.,49584,0,0,,H5-7
106,49638,1:1:49638:2,5dfc8cba-f497-4e7d-ae75-c8fa10d149ac,H/L~4 chondrite meteorite,2,variety,An H chondrite or L chondrite that is approximately of petrological type 4.,49584,0,0,,H/L~4
107,49639,1:1:49639:1,e518925e-84a3-40c1-a9db-3e03c66aecc3,H4(?) chondrite meteorite,2,variety,An ordinary chondrite that may be of petrologic type 4 and that is possibly an H chondrite.,49584,0,0,,H4(?)
108,49640,1:1:49640:7,ae845d58-8b3c-4ede-9ac7-bf4a6b55caf1,H(?)4 chondrite meteorite,2,variety,An ordinary chondrite of petrologic type 4 that is possibly an H chondrite.,49584,0,0,,H(?)4
109,49641,1:1:49641:6,25667d04-8b13-4030-a8ec-8df125317356,H3-5 chondrite meteorite,2,variety,An H chondrite that is a breccia of petrological types 3 to 5.,49584,0,0,,H3-5
110,49642,1:1:49642:5,5d9dbd66-200e-4d20-8c20-abd9ade46c22,H3-6 chondrite meteorite,2,variety,An H chondrite that is a breccia of petrological types 3 to 6.,49584,0,0,,H3-6
111,49643,1:1:49643:4,174d54ed-5259-4f4f-a913-8d0c063b3bcd,H3.2-6 chondrite meteorite,2,variety,An H chondrite that is a breccia of petrological types 3.2 to 6.,49584,0,0,,H3.2-6
112,49644,1:1:49644:3,cc8dc9e1-1fb7-41fd-9135-4bae10e6e87e,H3.9-5 chondrite meteorite,2,variety,An H chondrite that is a breccia of petrological types 3.9 to 5.,49584,0,0,,H3.9-5
113,49645,1:1:49645:2,707a5ca5-893f-4a43-bf15-de45c43d0be3,H3.9-6 chondrite meteorite,2,variety,An H chondrite that is a breccia of petrological types 3 to 5.,49584,0,0,,H3.9-6
114,49646,1:1:49646:1,fb8954eb-b23d-48cf-9d62-4ca6bfb4051d,H4-6 chondrite meteorite,2,variety,An H chondrite that is a breccia of petrological types 4 to 6.,49584,0,0,,H4-6
115,49647,1:1:49647:0,c2b6725e-c8cf-44e5-a8d0-7253436d2222,H4/6 chondrite meteorite,2,variety,"An H chondrite that is petrological type 4, 5 or 6.",49584,0,0,,H4/6
116,49648,1:1:49648:9,f2bd2c79-3606-4846-83c9-e635cf21587b,L chondrite meteorite,7,rock,"The low-iron (L) chemical group of ordinary chondrites, distinguished by their relatively low siderophile element content, moderate sized chondrules (~0.7 mm), and oxygen isotope compositions that intermediate between H chondrites and LL chondrites.
...",49581,0,1,,L
117,49649,1:1:49649:8,bc750161-ed54-4fac-a8d0-4e6cc8000b80,L3 chondrite meteorite,7,rock,An L chondrite that is of petrologic type 3.,49648,49842,1,,L3
118,49650,1:1:49650:4,6ddad9c4-9c3a-4927-8298-c07b1aaac2c4,L3.0-3.9 chondrite meteorite,7,rock,An ordinary chondrite from the L group that is a breccia of components that are between 3.0 and 3.9,49649,0,0,,L3.0-3.9
119,49651,1:1:49651:3,8da54203-3e51-4228-8953-96882c64ee75,L3-melt breccia chondrite meteorite,7,rock,An L3 chondrite that is a breccia with melted material forming the matrix.,49649,0,0,,L3-melt breccia
120,49652,1:1:49652:2,95a1f90d-b886-4b05-8173-64034e0c54ae,L3.0 chondrite meteorite,7,rock,An L chondrite that is petrologic type 3.0.,49649,0,0,,L3.0
121,49653,1:1:49653:1,8fc3adff-4663-41d8-ba67-b85855467909,L3.00 chondrite meteorite,7,rock,An ordinary chondrite from the L group that is petrologic type 3.00,49649,0,0,,L3.00
122,49654,1:1:49654:0,9872eb61-3177-4fef-85c2-5c364ccdf80b,L3.05 chondrite meteorite,7,rock,An ordinary chondrite from the L group that is petrologic type 3.05,49649,0,0,,L3.05
123,49655,1:1:49655:9,e026c96c-dfbe-4310-ad40-9dc088b5f5d2,L3.0-3.7 chondrite meteorite,2,variety,An L chondrite that is a breccia of petrological types 3.2 to 3.7.,49649,0,0,,L3.0-3.7
124,49656,1:1:49656:8,4d9bc823-cdcc-4ebe-ae0d-b87a72d8f88f,L3.1 chondrite meteorite,7,rock,An L chondrite that is petrologic type 3.1.,49649,0,0,,L3.1
125,49657,1:1:49657:7,96441c84-b13c-414b-8bb1-7e4f489e9891,L3.10 chondrite meteorite,7,rock,An ordinary chondrite from the L group that is petrologic type 3.10,49649,0,0,,L3.10
126,49658,1:1:49658:6,90c502e3-aa1d-4f49-afe7-da088446d814,L3.15 chondrite meteorite,7,rock,An ordinary chondrite from the L group that is petrologic type 3.15,49649,0,0,,L3.15
127,49659,1:1:49659:5,2221b80a-c1a8-41fb-b416-72b6268e317c,L3.2 chondrite meteorite,7,rock,An L chondrite that is petrologic type 3.2.,49649,0,0,,L3.2
128,49660,1:1:49660:1,64bc2537-a4d6-4c1c-8e3c-d12f1d8defb7,L3.2-3.5 chondrite meteorite,2,variety,An L chondrite that is a breccia of petrological types 3.2 to 3.5.,49649,0,0,,L3.2-3.5
129,49661,1:1:49661:0,12dd945e-7360-41f1-8290-b25752ff7f2f,L3.2-3.6 chondrite meteorite,2,variety,An L chondrite that is a breccia of petrological types 3.2 to 3.6.,49649,0,0,,L3.2-3.6
130,49662,1:1:49662:9,d63c1b23-eebb-4b1e-8f67-bfa495affa89,L3.3 chondrite meteorite,7,rock,An L chondrite that is petrologic type 3.3.,49649,0,0,,L3.3
131,49663,1:1:49663:8,d4a54e89-2f77-4aa2-af43-298e03d9dfef,L3.3-3.5 chondrite meteorite,2,variety,An L chondrite that is a breccia of petrological types 3.3 to 3.5.,49649,0,0,,L3.3-3.5
132,49664,1:1:49664:7,e6e1c65b-afa8-4a88-8773-a35ca70515ae,L3.3-3.6 chondrite meteorite,2,variety,An L chondrite that is a breccia of petrological types 3.3 to 3.6.,49649,0,0,,L3.3-3.6
133,49665,1:1:49665:6,6cc474e2-6447-4054-adbe-901c3e8b0815,L3.3-3.7 chondrite meteorite,2,variety,An L chondrite that is a breccia of petrological types 3.3 to 3.7.,49649,0,0,,L3.3-3.7
134,49666,1:1:49666:5,8b1298c9-4dd4-493e-8295-4bbfd652a5fa,L3-4 chondrite meteorite,7,rock,An L chondrite that is a breccia of petrological types 3 to 4.,49649,49695,0,,L3-4
135,49667,1:1:49667:4,cf8eba89-1beb-4619-9ff4-d25b9fe77954,L3.5 chondrite meteorite,7,rock,An L chondrite that is petrologic type 3.5.,49649,0,0,,L3.5
136,49668,1:1:49668:3,aa319d5f-a7fa-4de7-a684-86e7f29215d2,L3.5-3.7 chondrite meteorite,2,variety,An L chondrite that is a breccia of petrological types 3.5 tto 3.7.,49649,0,0,,L3.5-3.7
137,49669,1:1:49669:2,6c9faa4d-77f5-4d4d-bc07-222f633b22d2,L3.5-3.8 chondrite meteorite,2,variety,An L chondrite that is a breccia of petrological types 3.5 to 3.8.,49649,0,0,,L3.5-3.8
138,49670,1:1:49670:8,bf8cc732-9109-4d31-9f43-def12fd8d38e,L3.5-3.9 chondrite meteorite,2,variety,An L chondrite that is a breccia of petrological types 3.5 to 3.9.,49649,0,0,,L3.5-3.9
139,49671,1:1:49671:7,705d207e-6499-4d73-9d5b-e9ddca39d396,L3.6 chondrite meteorite,7,rock,An L chondrite that is petrologic type 3.6.,49649,0,0,,L3.6
140,49672,1:1:49672:6,0f4f4389-e590-4267-bde6-deecc35e5087,L3.6-4 chondrite meteorite,2,variety,An L chondrite that is a breccia of petrological types 3.6 to 4.,49649,0,0,,L3.6-4
141,49673,1:1:49673:5,92e1290b-48ad-437d-90c4-ae8b520fcc11,L3.7 chondrite meteorite,7,rock,An L chondrite that is petrologic type 3.7.,49649,0,0,,L3.7
142,49674,1:1:49674:4,f9884c16-1af9-4da2-80a1-305740ad6dd9,L3.7/3.8 chondrite meteorite,7,rock,An L chondrite that is petrologic type 3.7 to 3.8.,49673,49677,0,,L3.7/3.8
143,49675,1:1:49675:3,28410f24-e989-45c6-98d7-30776a1cb02e,L3.7-3.9 chondrite meteorite,2,variety,An L chondrite that is a breccia of petrological types 3.7 to 3.9.,49649,0,0,,L3.7-3.9
144,49676,1:1:49676:2,37bba41b-8a2a-4c1e-8312-6d0dbca56d44,L3.7-4 chondrite meteorite,2,variety,An L chondrite that is a breccia of petrological types 3.7 to 4.,49649,49695,0,,L3.7-4
145,49677,1:1:49677:1,ebd44cf8-d808-414e-98ac-bc3d742f9b7e,L3.8 chondrite meteorite,7,rock,An L chondrite that is petrologic type 3.8.,49649,0,0,,L3.8
146,49678,1:1:49678:0,52631750-5f26-4b1e-b796-c887c26ef655,L3.8-an chondrite meteorite,7,rock,An L chondrite that is petrologic type 3.8 and has anomalous properties.,49677,0,0,,L3.8-an
147,49679,1:1:49679:9,3c9c270f-6d05-4f3c-9406-ab06903fd80a,L3.9 chondrite meteorite,7,rock,An L chondrite that is petrologic type 3.9.,49649,0,0,,L3.9
148,49680,1:1:49680:5,ba89debf-0b77-40e1-a053-6a5653f7b663,L3.9/4 chondrite meteorite,2,variety,An L chondrite that is petrologic type 3.9 to 4.,49679,49695,0,,L3.9/4
149,49682,1:1:49682:3,480569b2-8d42-49b6-9618-5d684783256d,L(H)3 chondrite meteorite,7,rock,"An L chondrite (or less likely, an H chondrite) that is of petrologic type 3.",49649,49585,0,,L(H)3
150,49683,1:1:49683:2,99213eac-5e15-4ad0-aa65-beae3c4a7907,LL(L)3 chondrite meteorite,7,rock,"An LL chondrite (or less likely, an L chondrite) that is of petrologic type 3.",49746,49648,0,,LL(L)3
151,49684,1:1:49684:1,ce36912d-1d63-4f26-852b-2d3296c55794,L(LL)3.0 chondrite meteorite,7,rock,"An L chondrite (or less likely, an LL chondrite) that is of petrologic type 3.0.",50452,0,0,,L(LL)3.0
152,49685,1:1:49685:0,ab546a4f-8cbe-4895-95af-9b9db7395389,L(LL)3.05 chondrite meteorite,7,rock,"An ordinary chondrite from either the L group or, less likely, the LL group that is petrologic type 3.05",49683,0,0,,L(LL)3.05
153,49686,1:1:49686:9,847b387d-a455-4006-9f41-cf754b124c4b,L(LL)3.5-3.7 chondrite meteorite,2,variety,"An L chondrite (or less likely, an LL chondrite) that is a breccia of components ranging from petrologic type 3.5 to 3.7.",50452,0,0,,L(LL)3.5-3.7
154,49688,1:1:49688:7,12518482-8bc2-4fd3-b221-0b814d89a16a,LL(L)3.1 chondrite meteorite,7,rock,"An LL chondrite (or less likely, an L chondrite) that is of petrologic type 3.1.",49683,0,0,,LL(L)3.1
155,49689,1:1:49689:6,f787b80f-b4cd-43c2-a8ac-68097c9d440d,LL(L)3.2 chondrite meteorite,7,rock,"An LL chondrite (or less likely, an L chondrite) that is of petrologic type 3.2.",49683,0,0,,LL(L)3.2
156,49690,1:1:49690:2,860a1fc0-4396-43d2-a163-729e56be0e14,L/LL3.4 chondrite meteorite,7,rock,An L chondrite or LL chondrite that is of petrological type 3.4.,50453,0,0,,L/LL3.4
157,49691,1:1:49691:1,de1af478-d97d-4ec7-9588-71dc9f4be138,L/LL3.10 chondrite meteorite,7,rock,An ordinary chondrite from either the L group or LL group that is petrologic type 3.10,49683,0,0,,L/LL3.10
158,49692,1:1:49692:0,0a95301a-0a27-4680-948b-bf3fde11ee1f,L/LL3.5 chondrite meteorite,7,rock,An L chondrite or LL chondrite that is of petrological type 3.5,50453,0,0,,L/LL3.5
159,49693,1:1:49693:9,06475afc-791a-473f-97c0-6a9b9bb808be,L/LL3.6/3.7 chondrite meteorite,2,variety,An L chondrite or LL chondrite that is either petrological type 3.6 or 3.7.,50453,0,0,,L/LL3.6/3.7
160,49695,1:1:49695:7,fa939035-1ca8-4139-b906-8a1c14d0c28c,L4 chondrite meteorite,7,rock,An L chondrite that is of petrologic type 4.,49648,49843,1,,L4
161,49696,1:1:49696:6,a935d6ca-d2fc-434f-bed8-e584f35a473d,L4-an chondrite meteorite,7,rock,An L chondrite that is petrologic type 4 and has anomalous properties.,49695,0,0,,L4-an
162,49697,1:1:49697:5,2008330c-c089-4371-9be1-7cfda44b3036,L4-melt breccia chondrite meteorite,7,rock,An L4 chondrite that is a breccia with melted material forming the matrix.,49695,0,0,,L4-melt breccia
163,49698,1:1:49698:4,5bc5435e-c2c4-4f0a-8ddc-8c47ef6f723b,L4-melt rock chondrite meteorite,7,rock,An L4 chondrite that has experienced secondary melting.,49695,0,0,,L4-melt rock
164,49699,1:1:49699:3,5dbb8dc7-f2b7-4321-868b-429c0bd3c1e9,L/LL4 chondrite meteorite,7,rock,An L chondrite or LL chondrite that is of petrological type 4.,49695,49768,0,,L/LL4
165,49700,1:1:49700:8,d8143638-9014-47ec-9e96-a92b35918388,L4/5 chondrite meteorite,7,rock,An L chondrite that is petrologic type 4 to 5.,49695,49702,0,,L4/5
166,49702,1:1:49702:6,1d6c0559-20f0-4a57-9800-f043cdcac38a,L5 chondrite meteorite,7,rock,An L chondrite that is of petrologic type 5.,49648,49844,1,,L5
167,49703,1:1:49703:5,768eea8d-be06-46e6-af4b-081956dee0f4,L/LL5 chondrite meteorite,7,rock,An L chondrite or LL chondrite that is of petrological type 5.,49702,49772,0,,L/LL5
168,49705,1:1:49705:3,aea3a63f-029e-4ba3-ac27-297df08d7519,L/LL5/6 chondrite meteorite,7,rock,An L chondrite or LL chondrite that is either petrological type 5 or 6.,49703,50459,0,,L/LL5/6
169,49707,1:1:49707:1,828535fc-dc24-40b2-ab3c-aac7992d9b05,L5-6 chrondite,7,rock,An L chondrite that is a breccia of components ranging from petrologic type 5 to 6.,49702,49710,0,,L5-6
170,49708,1:1:49708:0,061ee847-556f-4f3b-9dee-4373ff6906f1,L5/6 chondrite meteorite,7,rock,An L chondrite that is either petrological type 5 or 6.,49702,49710,0,,L5/6
171,49709,1:1:49709:9,ca8a0667-0504-408c-aa49-13dc17c4a3d7,L5-melt breccia chondrite meteorite,7,rock,An L5 chondrite that is a breccia with melted material forming the matrix.,49702,0,0,,L5-melt breccia
172,49710,1:1:49710:5,69b5dbed-a113-47a4-a29b-c06a2bfd8ed0,L6 chondrite meteorite,7,rock,An L chondrite that is of petrologic type 6.,49648,49845,1,,L6
173,49711,1:1:49711:4,34ed69f4-34ef-4504-997a-d086ced34d8a,L6-melt breccia chondrite meteorite,7,rock,An L6 chondrite that is a breccia with melted material forming the matrix.,49710,0,0,,L6-melt breccia
174,49712,1:1:49712:3,735f2bd3-fcca-4990-b94f-fcf7f68b1396,L6-melt rock chondrite meteorite,7,rock,An L6 chondrite that has experienced secondary melting.,49710,0,0,,L6-melt rock
175,49713,1:1:49713:2,54888a59-3a66-4daa-bd85-a6961a44a433,L/LL6 chondrite meteorite,7,rock,An L chondrite or LL chondrite that is of petrological type 6.,49710,49776,0,,L/LL6
176,49715,1:1:49715:0,9b7a5928-f94c-42ab-8de2-646f0df13dde,L/LL6-an chondrite meteorite,7,rock,An L chondrite or LL chondrite that is of petrological type 6 and has anomalous properties.,49713,0,0,,L/LL6-an
177,49716,1:1:49716:9,bbdb799b-cb90-460e-934a-03cea48ebf6c,L6/7 chondrite meteorite,7,rock,An L chondrite that is either petrological type 6 or 7.,49710,49717,0,,L6/7
178,49717,1:1:49717:8,2b637516-2bca-4698-90b0-f960d0c08e05,L7 chondrite meteorite,7,rock,An L chondrite that is of petrologic type 7. Note that petrologic type 7 is not used consistently or widely accepted in the literature.,49648,49846,0,,L7
179,49718,1:1:49718:7,cfa8db8a-4ff2-4bb6-b8ac-ec70f822398f,L-imp melt chondrite meteorite,7,rock,An L chondrite that has experienced impact melting and for which the petrologic type has not been determined.,49648,0,0,,L-imp melt
180,49719,1:1:49719:6,bace3323-2fb5-4cad-810c-c0056e4a3a1d,L-melt breccia chondrite meteorite,7,rock,An L chondrite that is a breccia with melted material forming the matrix and for which the petrologic type has not been determined.,49648,0,0,,L-melt breccia
181,49720,1:1:49720:2,f297980d-76d2-49eb-abbd-4c04dc34cc50,L-melt rock chondrite meteorite,7,rock,An L chondrite that has experienced secondary melting.,49648,0,0,,L-melt rock
182,49721,1:1:49721:1,db6c5e37-bc09-4b92-b53e-756e0e9ec450,L-metal chondrite meteorite,7,rock,A meteorite that is dominantly composed of Fe-Ni metal. It seems likely that the object was derived from an ordinary L chondrite and was not once part of an extended metal-rich body.,49648,0,0,,L-metal
183,49722,1:1:49722:0,22c04e75-e418-4ce2-b58e-6bb82f445d24,L/LL-melt rock chondrite meteorite,7,rock,An L chondrite or LL chondrite that has experienced secondary melting.,49648,49745,0,,L/LL-melt rock
184,49723,1:1:49723:9,14f3012f-10e3-48a3-b39d-9d37e95935c6,L/LL3-6 chondrite meteorite,2,variety,An L chondrite or LL chondrite that is a breccia of petrological type 3 to 6 components.,49648,0,0,,L/LL3-6
185,49724,1:1:49724:8,27aaff4b-2324-4b07-9048-60adbc6e6f0f,L/LL3-5 chondrite meteorite,2,variety,An L chondrite or LL chondrite that is a breccia of petrological type 3 to 5 components.,49648,0,0,,L/LL3-5
186,49725,1:1:49725:7,6e999f44-2a15-4525-bbdd-92483909fcf8,L/LL(?)3 chondrite meteorite,2,variety,"An ordinary chondrite, probably an L chondrite or LL chondrite that is of petrological type 3.",49648,0,0,,L/LL(?)3
187,49726,1:1:49726:6,74b74510-8c2a-4f67-ad31-f3f728410ef5,L(?)3 chondrite meteorite,2,variety,"An ordinary chondrite, probably an L chondrite that is of petrological type 3.",49648,0,0,,L(?)3
188,49727,1:1:49727:5,801335bb-f8da-4d59-bcae-9da795bae252,L(LL)~4 chondrite meteorite,2,variety,"An L chondrite (or less likely, an LL chondrite) that is approximately of petrologic type 4.",49648,0,0,,L(LL)~4
189,49728,1:1:49728:4,d7c40311-b069-44dd-a0ab-6c84149edad0,L/LL~4 chondrite meteorite,2,variety,An L chondrite or LL chondrite that is approximately of petrologic type 4.,49648,0,0,,L/LL~4
190,49729,1:1:49729:3,95da825e-e1ea-44f4-b9f0-c9f9d5a103b4,L/LL~5 chondrite meteorite,2,variety,An L chondrite or LL chondrite that is approximately of petrologic type 5.,49648,0,0,,L/LL~5
191,49730,1:1:49730:9,c1a6ec87-cd72-4746-b015-31f967d2feb1,L/LL~6 chondrite meteorite,2,variety,An L chondrite or LL chondrite that is approximately of petrologic type 6.,49648,0,0,,L/LL~6
192,49731,1:1:49731:8,f23539dd-752e-4559-b47b-638fd515a6c4,L3-5 chondrite meteorite,2,variety,An L chondrite that is a breccia of petrological types 3 to 5.,49648,0,0,,L3-5
193,49732,1:1:49732:7,6de80977-7651-4715-b137-77d732063dbe,L3-6 chondrite meteorite,2,variety,An L chondrite that is a breccia of petrological types 3 to 6.,49648,0,0,,L3-6
194,49733,1:1:49733:6,483c4522-8faa-452d-a121-26bb9506b7ed,L3-7 chondrite meteorite,2,variety,An L chondrite that is a breccia of petrological types 3 to 7.,49648,0,0,,L3-7
195,49734,1:1:49734:5,3d4ed9c4-74d2-4051-83d9-4a9dc105015c,L3.5-5 chondrite meteorite,2,variety,An L chondrite that is a breccia of petrological types 3.5 to 5.,49648,0,0,,L3.5-5
196,49735,1:1:49735:4,d0356cdf-49f8-483f-9127-6a18ff330df0,L3.7-6 chondrite meteorite,2,variety,An L chondrite that is a breccia of petrological types 3.7 to 6.,49648,0,0,,L3.7-6
197,49736,1:1:49736:3,ca7f45ea-0196-4d24-b998-490461544229,L3.8-5 chondrite meteorite,2,variety,An L chondrite that is a breccia of petrological types 3.8 to 5.,49648,0,0,,L3.8-5
198,49737,1:1:49737:2,72205be5-47a8-4101-ba4c-18a69faf603c,L3.8-6 chondrite meteorite,2,variety,An L chondrite that is a breccia of petrological types 3.8 to 6.,49648,0,0,,L3.8-6
199,49738,1:1:49738:1,d68139c3-8cb3-41bc-952b-b649ab0fddf8,L4-6 chondrite meteorite,2,variety,An L chondrite that is a breccia of petrological types 4 to 6.,49648,0,0,,L4-6
200,49739,1:1:49739:0,379c6810-b7ee-4ef0-a936-29580f3d4320,L5-7 chondrite meteorite,2,variety,An L chondrite that is a breccia of petrological types 5 to 7.,49648,0,0,,L5-7
201,49740,1:1:49740:6,9d4ee798-6ecf-444e-adca-425f472e2982,L~3 chondrite meteorite,2,variety,An L chondrite that is approximately of petrologic type 3.,49648,0,0,,L~3
202,49741,1:1:49741:5,05887095-5734-4c4f-830d-54e2dec557b2,L~4 chondrite meteorite,2,variety,An L chondrite that is approximately of petrologic type 4.,49648,0,0,,L~4
203,49742,1:1:49742:4,908fb195-8844-4889-a851-8af34107b0ee,L~4-6 chondrite meteorite,2,variety,An L chondrite that is a breccia of components of approximate petrological types 4 to 6.,49648,0,0,,L~4-6
204,49743,1:1:49743:3,227bfa2f-64fb-451b-8e55-fa22f45fe94f,L~5 chondrite meteorite,2,variety,An L chondrite that is approximately of petrologic type 5.,49648,0,0,,L~5
205,49744,1:1:49744:2,764d0793-e775-4570-9b83-3f8c04fba596,L~6 chondrite meteorite,2,variety,An L chondrite that is approximately of petrologic type 6.,49648,0,0,,L~6
206,49745,1:1:49745:1,ff8c75b0-40cb-4488-b84f-0f5ad876bafa,LL chondrite meteorite,7,rock,"The low-iron, low metal (LL) chemical group of ordinary chondrites, distinguished by their low siderophile element content, fairly large chondrules (~0.9 mm), and oxygen isotope compositions that are further above the terrestrial fractionation line tha...",49581,0,1,,LL
207,49746,1:1:49746:0,5ddb6759-f844-4c29-9d84-fe5909440f3d,LL3 chondrite meteorite,7,rock,An LL chondrite that is of petrologic type 3.,49745,49842,1,,LL3
208,49750,1:1:49750:3,132fea97-5b97-4fbd-889d-cb34d93e0a6b,LL3/4 chondrite meteorite,7,rock,An LL chondrite that is either petrological type 3 or 4.,49746,49768,0,,LL3/4
209,49751,1:1:49751:2,5b623876-315f-43c1-b697-16faee7d1e0d,LL3.0 chondrite meteorite,7,rock,An LL chondrite that is petrologic type 3.0.,49746,0,0,,LL3.0
210,49752,1:1:49752:1,9f746916-0d62-43fa-97dc-32b9803afb98,LL3.00 chondrite meteorite,7,rock,An ordinary chondrite from the LL group that is petrologic type 3.00,49746,0,0,,LL3.00
211,49753,1:1:49753:0,38af8a4a-fcb7-42d3-ba30-de6d37ab0789,LL3.05 chondrite meteorite,7,rock,An ordinary chondrite from the LL group that is petrologic type 3.05,49746,0,0,,LL3.05
212,49754,1:1:49754:9,316f5691-cc60-42cc-8091-ecd39691a4f3,LL3.1 chondrite meteorite,7,rock,An LL chondrite that is petrologic type 3.1.,49746,0,0,,LL3.1
213,49755,1:1:49755:8,7beb27e7-fd49-4971-b8ec-6fb9706538ee,LL3.10 chondrite meteorite,7,rock,An ordinary chondrite from the LL group that is petrologic type 3.10,49746,0,0,,LL3.10
214,49756,1:1:49756:7,85c1b43d-e69a-4a3f-a9fa-b8200acceb02,LL3.15 chondrite meteorite,7,rock,An ordinary chondrite from the LL group that is of petrologic type 3.15,49754,0,0,,LL3.15
215,49757,1:1:49757:6,cf960442-46ca-4d01-b5b9-240dbf9457d9,LL3.2 chondrite meteorite,7,rock,An LL chondrite that is petrologic type 3.2.,49746,0,0,,LL3.2
216,49758,1:1:49758:5,078bc54e-0863-4c94-a457-612b98289782,LL3.3 chondrite meteorite,7,rock,An LL chondrite that is petrologic type 3.3.,49746,0,0,,LL3.3
217,49760,1:1:49760:0,e50549e7-b34a-4e42-af32-d50d9fdac703,LL3.5 chondrite meteorite,7,rock,An LL chondrite that is petrologic type 3.5.,49746,0,0,,LL3.5
218,49761,1:1:49761:9,14e81c0f-b487-43eb-aa2f-df3742b69b86,LL3.6 chondrite meteorite,7,rock,An LL chondrite that is petrologic type 3.6.,49746,0,0,,LL3.6
219,49762,1:1:49762:8,c52b1515-b435-4b06-8165-443b4cc92ff0,LL3.6/3.7 chondrite meteorite,7,rock,An LL chondrite that is either petrological type 3.6 or 3.7.,49761,49763,0,,LL3.6/3.7
220,49763,1:1:49763:7,d8456964-b1a3-4b36-8140-59a95223520d,LL3.7 chondrite meteorite,7,rock,An LL chondrite that is petrologic type 3.7.,49746,0,0,,LL3.7
221,49764,1:1:49764:6,75c27186-1d15-4991-9d8b-2de88a7a49e2,LL3.8 chondrite meteorite,7,rock,An LL chondrite that is petrologic type 3.8.,49746,0,0,,LL3.8
222,49765,1:1:49765:5,535eeecc-d402-4f20-ae75-a713c51a0dab,LL3.9 chondrite meteorite,7,rock,An LL chondrite that is petrologic type 3.9.,49746,0,0,,LL3.9
223,49767,1:1:49767:3,5692e599-a301-472a-ac4c-3db3b36ef161,LL3.9/4 chondrite meteorite,7,rock,An LL chondrite that is either petrological type 3.9 or 4.,49746,49768,0,,LL3.9/4
224,49768,1:1:49768:2,1dd7ca62-f672-4c83-92e7-c2456689b35a,LL4 chondrite meteorite,7,rock,An LL chondrite that is of petrologic type 4.,49745,49843,1,,LL4
225,49769,1:1:49769:1,73d4acfc-933c-46b7-8c23-7f378a66ed63,LL4/5 chondrite meteorite,7,rock,An LL chondrite that is either petrological type 4 or 5.,49768,49772,0,,LL4/5
226,49770,1:1:49770:7,7a32c525-10e8-498b-842a-b614ad7b591f,LL4-melt breccia chondrite meteorite,7,rock,An LL4 chondrite that is a breccia with melted material forming the matrix.,49768,0,0,,LL4-melt breccia
227,49772,1:1:49772:5,0a072f51-0182-4dcc-a0a5-c4c561008e8a,LL5 chondrite meteorite,7,rock,An LL chondrite that is of petrologic type 5.,49745,49844,1,,LL5
228,49773,1:1:49773:4,db573613-a3e9-4cef-8dfd-e22ac49bbaf2,LL5/6 chondrite meteorite,7,rock,An LL chondrite that is either petrological type 5 or 6.,49772,49776,0,,LL5/6
229,49774,1:1:49774:3,85e4f5c9-6685-4770-a51c-7dc60cd5dcb8,LL5-melt breccia chondrite meteorite,7,rock,An LL5 chondrite that is a breccia with melted material forming the matrix.,49772,0,0,,LL5-melt breccia
230,49776,1:1:49776:1,11700699-2f1a-48f8-b42f-7ddf85e62b83,LL6 chondrite meteorite,7,rock,An LL chondrite that is of petrologic type 6.,49745,49845,1,,LL6
231,49777,1:1:49777:0,c7384636-48cc-4f53-a9dc-879d18951965,LL6-an chondrite meteorite,7,rock,An LL chondrite that is of petrological type 6 and has anomalous properties.,49745,0,0,,LL6-an
232,49778,1:1:49778:9,0484fe6c-c5d3-4268-9461-570c46298948,LL6-melt breccia chondrite meteorite,7,rock,An LL6 chondrite that is a breccia with melted material forming the matrix.,49745,0,0,,LL6-melt breccia
233,49779,1:1:49779:8,3fb0502d-6822-4fd7-beec-c29d3bebdb93,LL6/7 chondrite meteorite,7,rock,An LL chondrite that is either petrological type 6 or 7.,49745,0,0,,LL6/7
234,49780,1:1:49780:4,9116d0b6-d500-4ea7-a76c-37f2d0cf520a,LL-imp melt chondrite meteorite,7,rock,An LL chondrite that has experienced impact melting and for which the petrologic type has not been determined.,49745,0,0,,LL-imp melt
235,49781,1:1:49781:3,d6fabdc5-8822-4f3d-8fa3-42bd074028ab,LL-melt breccia chondrite meteorite,7,rock,An LL chondrite that is a breccia with melted material forming the matrix and for which the petrologic type has not been determined.,49745,0,0,,LL-melt breccia
236,49782,1:1:49782:2,86e021a9-03c1-401e-ad06-b34595721508,LL-melt rock chondrite meteorite,7,rock,An L chondrite that has experienced secondary melting.,49745,0,0,,LL-melt rock
237,49783,1:1:49783:1,b7330f56-3403-4f07-9de3-7d1ae4100be9,LL3-5 chondrite meteorite,2,variety,An LL chondrite that is a breccia of petrological types 3 to 5.,49745,0,0,,LL3-5
238,49784,1:1:49784:0,ab4963db-d082-4862-a2e5-93c49473d1dd,LL3-6 chondrite meteorite,2,variety,An LL chondrite that is a breccia of petrological types 3 to 6.,49745,0,0,,LL3-6
239,49785,1:1:49785:9,6418ef92-4975-4d18-bb23-d03b6aa27115,LL3.7-6 chondrite meteorite,2,variety,An LL chondrite that is a breccia of petrological types 3.7 to 6.,49745,0,0,,LL3.7-6
240,49786,1:1:49786:8,a33c0df3-3092-47b6-b0c8-e94f7ce20e02,LL3.8-4 chondrite meteorite,2,variety,An LL chondrite that is a breccia of petrological types 3.8 to 4.,49745,0,0,,LL3.8-4
241,49787,1:1:49787:7,c020ccac-f35f-4ee6-b4b6-506d67f63afe,LL3.8-6 chondrite meteorite,2,variety,An LL chondrite that is a breccia of petrological types 3.8 to 6.,49745,0,0,,LL3.8-6
242,49788,1:1:49788:6,3cdc8d54-66b8-42c0-8586-dd463e38f887,LL4-6 chondrite meteorite,2,variety,An LL chondrite that is a breccia of petrological types 4 to 6.,49745,0,0,,LL4-6
243,49789,1:1:49789:5,646781d2-26e7-4a49-b00c-69983825fe28,LL4-7 chondrite meteorite,2,variety,An LL chondrite that is a breccia of petrological types 4 to 7.,49745,0,0,,LL4-7
244,49790,1:1:49790:1,da43724a-aa9e-44da-8761-b7ce88f3a094,LL4/6 chondrite meteorite,2,variety,"An LL chondrite that is either petrological type 4, 5 or 6.",49745,0,0,,LL4/6
245,49791,1:1:49791:0,74f74580-e2e2-4124-90be-80650e89b90a,LL6(?) chondrite meteorite,2,variety,An ordinary chondrite that may be of petrologic type 6 and that is possibly an LL chondrite.,49745,0,0,,LL6(?)
246,49792,1:1:49792:9,7790cc33-ab9c-44b0-8827-b2a5cf587582,LL7(?) chondrite meteorite,2,variety,An ordinary chondrite that may be of petrologic type 7 and that is possibly an LL chondrite.,49745,0,0,,LL7(?)
247,49793,1:1:49793:8,907aca43-4e8d-42d0-868c-16251de39f9b,LL<3.5 chondrite meteorite,2,variety,An LL chondrite that has a petrological type below 3.5.,49745,0,0,,LL<3.5
248,49794,1:1:49794:7,01c9cfbb-11d6-47b3-9631-ea7e750420f4,LL~3 chondrite meteorite,2,variety,An LL chondrite that is approximately of petrologic type 3.,49745,0,0,,LL~3
249,49795,1:1:49795:6,9b3a1f90-036c-4747-b2c5-7db5828a2fb8,LL~4 chondrite meteorite,2,variety,An LL chondrite that is approximately of petrologic type 4.,49745,0,0,,LL~4
250,49796,1:1:49796:5,c466ef69-56e3-47cc-b43a-509ffad8ceb4,LL~4/5 chondrite meteorite,2,variety,An LL chondrite that is approximately of petrologic type 4 or 5.,49745,0,0,,LL~4/5
251,49797,1:1:49797:4,3e3cb97e-a123-4774-a96a-829173b29f11,LL~5 chondrite meteorite,2,variety,An L chondrite that is approximately of petrologic type 5.,49745,0,0,,LL~5
252,49798,1:1:49798:3,af4150c4-759e-4325-97e6-4e6a29b2bf16,LL~6 chondrite meteorite,2,variety,An L chondrite that is approximately of petrologic type 7.,49745,0,0,,LL~6
253,49799,1:1:49799:2,304eb579-4ad3-4977-96ba-7946cd254f82,LL? chondrite meteorite,2,variety,An ordinary chondrite that may an LL chondrite.,49745,0,0,,LL?
254,49802,1:1:49802:5,09057454-7bac-4dfe-ad1a-058d39bf4788,Anomalous E chondrite meteorite,7,rock,An E chondrite that is anomalous and for which the petrologic type has not been determined.,49800,0,0,,E-an
255,49803,1:1:49803:4,0b46439f-c587-4429-b0d4-c0d4dd803789,E-melt breccia chondrite meteorite,7,rock,An E chondrite that is a breccia with melted material forming the matrix and for which the petrologic type has not been determined.,49800,0,0,,E-melt breccia
256,49804,1:1:49804:3,7ae759cc-befb-443f-92d8-e0bac26dc78c,E3 chondrite meteorite,7,rock,An E chondrite that is of petrologic type 3.,49800,49842,1,,E3
257,49805,1:1:49805:2,b80bd0d7-fe50-4314-bd47-4feda5761fcb,Anomalous E3 chondrite meteorite,7,rock,An E chondrite that is petrologic type 3 and has anomalous properties.,49804,0,0,,E3-an
258,49806,1:1:49806:1,387d7ef5-2747-4a96-80c6-ce7cc91cf128,E4 chondrite meteorite,7,rock,An E chondrite that is of petrologic type 4.,49800,49843,1,,E4
259,49807,1:1:49807:0,490e296a-320d-482a-9c3b-a1015e0ff6f8,E5 chondrite meteorite,7,rock,An E chondrite that is of petrologic type 5.,49800,49844,1,,E5
260,49808,1:1:49808:9,cf5eb406-5fe4-4426-b21a-a30799000a04,Anomalous E5 chondrite meteorite,7,rock,An E chondrite that is petrologic type 5 and has anomalous properties.,49807,0,0,,E5-an
261,49809,1:1:49809:8,e9b2ad2e-6286-4a0f-913a-0dbea339b180,E6 chondrite meteorite,7,rock,An E chondrite that is of petrologic type 6.,49800,49845,1,,E6
262,49810,1:1:49810:4,5108acbf-62be-4665-9b0d-70064bc859fc,EH chondrite meteorite,7,rock,"The high-iron (EH) chemical group of enstatite chondrites, distinguished by small chondrules (0.2 mm), abundant metal (~10 vol%) that is rich in Si (~3 wt%), and an extremely reduced mineral assemblage including niningerite (MgS) and perryite (Fe-Ni si...",49800,0,1,,EH
263,49811,1:1:49811:3,5dad0c5f-5300-4217-b557-36d1e8b13b8b,EH3 chondrite meteorite,7,rock,An EH chondrite that is of petrologic type 3.,49810,49842,1,,EH3
264,49812,1:1:49812:2,996461c4-3c50-473d-830e-bbcaf25f0946,Anomalous EH3/4 chondrite meteorite,7,rock,An EH chondrite that is transitional between petrologic types 3 and 4 and has anomalous properties.,49811,49813,0,,EH3/4-an
265,49813,1:1:49813:1,3e436388-0466-428e-8cbb-5940f1c0c49e,EH4 chondrite meteorite,7,rock,An EH chondrite that is of petrologic type 4.,49810,49843,1,,EH4
266,49814,1:1:49814:0,8a8d7afb-3cc1-4f7f-ba2f-6872365badcb,EH5 chondrite meteorite,7,rock,An EH chondrite that is of petrologic type 5.,49810,49844,1,,EH5
267,49815,1:1:49815:9,fd0134eb-b99c-4d05-b0ed-8175bf3cb429,EH6 chondrite meteorite,7,rock,An EH chondrite that is of petrologic type 6.,49810,49845,1,,EH6
268,49816,1:1:49816:8,b5563dd0-653c-4d7b-96ae-890ead6d8f95,EH6-melt breccia chondrite meteorite,7,rock,An EH6 chondrite that is a breccia with melted material forming the matrix.,49815,0,0,,EH6-melt breccia
269,49817,1:1:49817:7,57d4a97c-fbe7-4e1b-b97d-7d82e7fda534,Impact melted EH chondrite meteorite,7,rock,An EH chondrite that has been impact melted.,49810,0,0,,EH-imp melt
270,49818,1:1:49818:6,4db0c598-5757-4489-9e3c-a93c4fc72bbe,EH-melt rock chondrite meteorite,7,rock,An EH chondrite that has experienced secondary melting.,49810,0,0,,EH-melt rock
271,49819,1:1:49819:5,36c673b0-40a1-453c-b35b-979bd6ac798b,EH7 chondrite meteorite,7,rock,An EH chondrite that is of petrologic type 7. Note that perologic type 7 is not used consistently or widely accepted in the literature.,49810,49846,0,,EH7
272,49821,1:1:49821:0,fdbde2de-d28a-41a9-bb40-29e1eb3729b4,EL-melt rock chondrite meteorite,7,rock,An EL chondrite that has experienced secondary melting.,49820,0,0,,EL-melt rock
273,49822,1:1:49822:9,a8fb40a7-c6df-4f57-9565-f4d9e7c65412,EL3 chondrite meteorite,7,rock,An EL chondrite that is petrologic type 3.,49820,49842,1,,EL3
274,49823,1:1:49823:8,9491800e-8b63-4306-9ff3-c1dc7f4a38c4,EL4 chondrite meteorite,7,rock,An EL chondrite that is of petrologic type 4.,49820,49843,1,,EL4
275,49824,1:1:49824:7,5e6d25d6-2ced-4f9a-9f37-b729e8fe0353,EL5 chondrite meteorite,7,rock,An EL chondrite that is of petrologic type 5.,49820,49844,1,,EL5
276,49825,1:1:49825:6,363931e2-5c20-445a-8b9f-c3841f9c0c06,EL5-melt breccia chondrite meteorite,7,rock,An EL5 chondrite that is a breccia with melted material forming the matrix.,49824,0,0,,EL5-melt breccia
277,49826,1:1:49826:5,4bc5babc-c7b3-4493-8636-fd6353cc12e9,EL6 chondrite meteorite,7,rock,An EL chondrite that is of petrologic type 6.,49820,49845,1,,EL6
278,49827,1:1:49827:4,d2d28760-fb22-4975-bf5b-961acd1465b8,EL6/7 chondrite meteorite,7,rock,An EL chondrite that is transitional between petrologic types 6 and 7. Note that perologic type 7 is not used consistently or widely accepted in the literature.,49826,49828,0,,EL6/7
279,49828,1:1:49828:3,bd810682-31ba-460a-9591-fdb9ad110c63,EL7 chondrite meteorite,7,rock,An EL chondrite that is of petrologic type 7. Note that perologic type 7 is not used consistently or widely accepted in the literature.,49820,49846,0,,EL7
280,49829,1:1:49829:2,54f0a81c-60d3-4a22-9069-ea992a60597a,K chondrite meteorite,7,rock,"A chondrite characterised by large amounts of dusty matrix and oxygen isotope compositions similar to carbonaceous chondrites, highly reduced mineral compositions and high metal abundances (6% to 10% by volume) that are most like enstatite chondrites, ...",49515,0,1,,K
281,49831,1:1:49831:7,9ce88674-912c-4688-ac58-23655b2ee316,K3 chondrite meteorite,7,rock,A K chondrite that is petrologic type 3.,49829,49842,1,,K3
282,49832,1:1:49832:6,80070857-c71c-4cad-88d9-3b9f07e12c83,K4 chondrite meteorite,7,rock,A K chondrite that is petrologic type 4.,49829,49843,1,,K4
283,49833,1:1:49833:5,1c902a1b-cb30-4b1d-b0b6-0537a4bba626,R chondrite meteorite,7,rock,"A chondrite, different from ordinary chondrite in having a more dusty matrix (about 50% of the rock), more oxidized, containing little metallic Fe-Ni and with a higher #17#O ratio. Most of the metal is in the form of sulfides. They appear to come from ...",49515,0,1,,R
284,49835,1:1:49835:3,293ffde0-c1c8-419b-8b2c-7fd2969fb410,R3 chondrite meteorite,7,rock,An R chondrite that is petrologic type 3.,49833,49842,1,,R3
285,49836,1:1:49836:2,a5086af1-8303-4517-a1d0-43da75cd7532,R4 chondrite meteorite,7,rock,An R chondrite that is petrologic type 4.,49833,49843,1,,R4
286,49837,1:1:49837:1,aedf0e32-94ff-4052-86a5-f668918183a3,R5 chondrite meteorite,7,rock,An R chondrite that is petrologic type 5.,49833,49844,1,,R5
287,49838,1:1:49838:0,1b07935a-fe4a-4727-83c9-2e032e012bdc,R6 chondrite meteorite,7,rock,An R chondrite that is petrologic type 6.,49833,49845,1,,R6
288,49847,1:1:49847:8,655bcaa0-1cb7-4c6c-a3d2-ee459ff2e974,Primitive achondrite meteorite,7,rock,"A meteorite that has lost its chondritic texture due to heating and partial melting, but still has nearly chondritic composition.",49514,0,1,,Achondrite-prim
289,49848,1:1:49848:7,d1b752a7-b1d7-4f74-80c3-fe0851448cca,Acapulcoite meteorite,7,rock,"Acapulcoites, named after the Acapulco, Mexico, fall of 1913, and lodranites, named after the Lodran, Pakistan, fall of 1868, are closely related, equigranular meteorites; acapulcoites are finer grained than lodranites and contain rare, relict chondrul...",49847,0,1,,Acapulcoite
290,49849,1:1:49849:6,f6346c2c-1459-4488-bb29-f7637f579ad2,Acapulcoite-lodranite meteorite,7,rock,A transitional type between acapulcoite and lodranite.,49848,11263,0,,Acapulcoite/lodranite
291,49850,1:1:49850:2,6d7e81e7-a557-47b8-b528-23f2e87f5f10,Brachinite meteorite,7,rock,"Primitive achondrite meteorites almost entirely made from olivine; the parent body might be the Nenetta Asteroid (289 Nenetta).

Named after Brachina, a meteorite found in Australia in 1974.",49847,50270,1,,Brachinite
292,49851,1:1:49851:1,6a28a7e2-cf35-41e3-88a0-d7c0778da703,IAB complex iron meteorite,7,rock,Composed of meteoritic iron and silicate inclusions.,49847,49962,1,,"Iron, IAB complex"
293,49852,1:1:49852:0,9b7eb712-5927-426d-9d7a-79cc4174196e,IAB-MG iron meteorite,7,rock,An IAB complex iron meteorite belonging to the main group (MG).,49851,0,1,,"Iron, IAB-MG"
294,49853,1:1:49853:9,8a0d1e5e-4076-4b46-9ccf-ad726a45fc83,IAB-sLL iron meteorite,7,rock,"An iron meteorite belonging to the low-Au, low-Ni subgroup (sLL) of the IAB complex.",49851,0,1,,"Iron, IAB-sLL"
295,49854,1:1:49854:8,0f8dbd86-4f55-42b3-8924-9b7097259ee8,IAB-sLM iron meteorite,7,rock,"An iron meteorite belonging to the low-Au, medium-Ni subgroup (sLM) of the IAB complex.",49851,0,1,,"Iron, IAB-sLM"
296,49856,1:1:49856:6,755b66cc-e021-4283-b826-74cfa437e176,Anomalous IAB-sLM iron meteorite,7,rock,An IAB-sLM iron meteorite that has anomalous properties.,49854,0,0,,"Iron, IAB-sLM-an"
297,49857,1:1:49857:5,670238da-2411-40fe-bedd-2862f0fdcaf6,IAB-sLH iron meteorite,7,rock,"An iron meteorite belonging to the low-Au, high-Ni subgroup (sLH) of the IAB complex.",49851,0,1,,"Iron, IAB-sLH"
298,49859,1:1:49859:3,84eff70a-e3b1-43c7-822f-c8bdd504a259,IAB-sHL iron meteorite,7,rock,"An iron meteorite belonging to the high-Au, low-Ni subgroup (sHL) of the IAB complex.",49851,0,1,,"Iron, IAB-sHL"
299,49860,1:1:49860:9,43a06f7e-8c9e-4f7e-92ff-92bd11e00646,Anomalous IAB-sHL iron meteorite,7,rock,An IAB-sHL iron meteorite that has anomalous properties.,49859,0,0,,"Iron, IAB-sHL-an"
300,49861,1:1:49861:8,9590118b-a3a6-4d50-9996-91c4430f3ddb,IAB-sHH iron meteorite,7,rock,"An iron meteorite belonging to the high-Au, high-Ni subgroup (sHH) of the IAB complex.",49851,0,1,,"Iron, IAB-sHH"
301,49862,1:1:49862:7,e1ddf11a-2d0b-466d-98d6-d7ba980c8ca0,Ungrouped IAB iron meteorite,7,rock,An iron meteorite belonging to the IAB complex that does not fit into the known subgroups.,49851,0,0,,"Iron, IAB-ung"
302,49863,1:1:49863:6,373edc9f-6e69-42f0-8778-91005e37cef1,Anomalous IAB iron meteorite,7,rock,An IAB complex iron meteorite that has anomalous properties.,49851,0,0,,"Iron, IAB-an"
303,49865,1:1:49865:4,94cfa9b3-cfbd-4cfa-821d-0127e95b617f,Lodranite-an meteorite,7,rock,An lodranite that has anomalous properties.,11263,0,0,,Lodranite-an
304,49866,1:1:49866:3,0d4ae1a8-b703-49f4-bf4c-45aabe185cb4,Ureilite meteorite,7,rock,"Ureilites, named after the Novo-Urei, Russia, fall of 1886, are ultramafic achondrites that contain interstitial carbon as graphite or diamond.  The majority consist of olivine + uninverted pigeonite.  In a few, the pyroxene is augite and/or orthopyrox...",49847,0,1,,Ureilite
305,49867,1:1:49867:2,1006c6b4-b228-4101-bccc-4c881ada20ad,Anomalous ureilite meteorite,7,rock,An achondrite belonging to the ureilite group with anomalous properties.,49866,0,0,,Ureilite-an
306,49868,1:1:49868:1,d3def1d9-2d4a-44d6-a73b-336a4a76a1e8,Polymict ureilite meteorite,7,rock,,49866,0,0,,Ureilite-pmict
307,49869,1:1:49869:0,16ec1ec5-5f1e-4b12-af52-d0f22d924dee,Winonaite meteorite,7,rock,"Winonaites, named after the Winona, Arizona, find of 1928, are equigranular rocks, some of which may contain relict chondrules, that have mineralogy and composition that are similar to chondrites.The mineral assemblage is more reduced than that of H ch...",49847,0,1,,Winonaite
308,49872,1:1:49872:4,6d312631-87d1-4c15-a4eb-0a50ad985bd7,Angrite meteorite,7,rock,"Angrites, named after the Angra dos Reis, Brazil, fall of 1869, are a relatively rare type of basaltic achondrite with low alkali contents, high Ca/Al ratios, and a distinctive mineral assemblage, generally including Al-Ca-Ti-rich pyroxene, Ca-rich pla...",50270,0,1,,Angrite
309,49873,1:1:49873:3,222eecfb-3b33-44fe-b185-5e0dde0aa465,Aubrite meteorite,7,rock,"Aubrites, named after the Aubres, France, fall of 1836, are enstatite achondrites. Most are breccias (Shallowater being a notable exception) containing igneous and impact-melted clasts.  Like enstatite chondrites, aubrites have highly reduced mineralog...",50270,0,1,,Aubrite
310,49876,1:1:49876:0,099d9c57-b065-4a60-b36b-bfb68da17a0a,Ungrouped enstatite-rich achondrite meteorite,7,rock,An enstatite-rich achondrite that is ungrouped.,50269,0,1,,Enst achon-ung
311,49878,1:1:49878:8,cb59f2f6-5e40-4466-8caf-e7e63ade0a3f,Howardite meteorite,7,rock,Howardites are an abundant group of polymict-breccia achondrites that appear to represent mixtures of eucrites and diogenites (these three linked groups are collectively known as HED meteorites and may come from asteroid 4 Vesta). The main minerals in ...,49877,0,1,,Howardite
312,49879,1:1:49879:7,433c4f3d-bc8b-4425-8575-04d7b049770b,Anomalous howardite meteorite,7,rock,An howardite that has anomalous properties.,49878,0,0,,Howardite-an
313,49880,1:1:49880:3,ebf11e97-ae68-4cda-88b2-5ddafb80c623,Eucrite meteorite,7,rock,"Eucrites are the most abundant type of basaltic achondrite, linked by geochemical traits such as oxygen isotopic ratios and certain elemental ratios, of which Fe/Mn is the most widely cited. The main minerals in eucrites are Fe-rich pyroxene and Na-poo...",49877,0,1,,Eucrite
314,49881,1:1:49881:2,833c506a-cd2c-4a00-8072-24ea90c11fcb,Anomalous eucrite meteorite,7,rock,An anomalous Eucrite.,49880,0,0,,Eucrite-an
315,49882,1:1:49882:1,e839c1a5-e642-4576-bc32-78183478f8b5,Eucrite breccia meteorite,7,rock,An achondrite from the eucrite group; the meteorite is brecciated.,49880,0,0,,Eucrite-br
316,49883,1:1:49883:0,ca4d467c-487f-49c2-bfe4-d65ea710ebc5,Eucrite cumulate meteorite,7,rock,An achondrite from the eucrite group; the meteorite is a cumulate eucrite.,49880,0,0,,Eucrite-cm
317,49884,1:1:49884:9,bcb17e2e-d658-464c-a573-e0e3ab482595,Eucrite melt breccia meteorite,7,rock,An eucrite that is a breccia with melted material forming the matrix and for which the petrologic type has not been determined.,49880,0,0,,Eucrite-melt breccia
318,49885,1:1:49885:8,5e2793d3-52f9-453e-be4a-e04ed5d417cc,Mg-rich eucrite meteorite,7,rock,An achondrite from the eucrite group; the meteorite is magneisum-rich.,49880,0,0,,Eucrite-Mg rich
319,49886,1:1:49886:7,ded51dfb-adc1-4691-9452-97148335dedf,Eucrite monomict breccia meteorite,7,rock,An achondrite from the eucrite group; the meteorite is a monomict breccia.,49882,0,0,,Eucrite-mmict
320,49887,1:1:49887:6,a0bf87a0-3abf-41ae-a8f6-ec2ff80ea64d,Eucrite polymict breccia meteorite,7,rock,An achondrite from the eucrite group; the meteorite is a polymict breccia.,49882,0,0,,Eucrite-pmict
321,49888,1:1:49888:5,a4daa482-11aa-43cf-b3b4-23b0fcbd032e,Unbrecciated eucrite meteorite,7,rock,An achondrite from the eucrite group; the meteorite is unbrecciated.,49880,0,1,,Eucrite-unbr
322,49889,1:1:49889:4,67fcf4fb-a0a7-4cd5-b1fb-e30559327954,Diogenite meteorite,7,rock,"Diogenites are an abundant type of achondrite, linked by geochemical traits such as oxygen isotopic ratios and certain elemental ratios, of which Fe/Mn is the most widely cited. The dominant mineral in diogenites is orthopyroxene. The diogenites are st...",49877,0,1,,Diogenite
323,49890,1:1:49890:0,68b66aa1-d51b-4971-96fc-94ce11bc35a8,Polymict breccia diogenite meteorite,7,rock,A diogenite which is a polymict breccia.,49889,0,0,,Diogenite-pm
324,49891,1:1:49891:9,ef586af1-7c67-4a45-b084-fd810178f1ef,Anomalous diogenite meteorite,7,rock,A diogenite which has anomalous properties.,49889,0,0,,Diogenite-an
325,49896,1:1:49896:4,9615b07a-3fa7-42a6-9b02-9afcd952b926,Dunitic diogenite meteorite,7,rock,A diogenite composed of 90 vol% olivine,49889,0,0,,Diogenite-olivine
326,49898,1:1:49898:2,b0de4b52-a7de-4513-abfd-b2d01cbae916,Pallasite meteorite,7,rock,"A stony-iron meteorite composed essentially of large single glassy crystals of olivine (forsterite) embedded in a network of nickel-iron, with accessory troilite, chromite, phosphide, various phosphate minerals, and sometimes pyroxene. Pallasites are b...",50269,49963,1,,Pallasite
327,49899,1:1:49899:1,40f41c7d-0ab9-4a01-89d8-e8f004aed9a8,PMG pallasite meteorite,7,rock,"A pallasite belonging to the main chemical group. Metal compositions in all PMG are closely related to those in evolved IIIAB irons, and are generally consistent with their formation in the IIIAB parent asteroid. The O-isotope composition of their oliv...",49898,0,1,,"Pallasite, PMG"
328,49901,1:1:49901:5,478223e5-b3b2-4885-8c61-93eec6afc4e3,Anomalous PMG pallasite meteorite,7,rock,A PMG pallasite with anomalous properties (deviant metal composition or appreciably higher olivine Fa content).,49899,0,0,,"Pallasite, PMG-an"
329,49902,1:1:49902:4,14486dfe-4a57-402f-a2f1-e48fc020446e,PES pallasite meteorite,7,rock,"A grouplet named for a pallasite that was found near Eagle Station, Kentucky, in 1880. They all contain highly fragmented olivines, intermixed with small, irregular olivine splinters, in a nickel-iron matrix. Although their mineral assemblage is simila...",49898,0,1,,"Pallasite, PES"
330,49905,1:1:49905:1,e9e2883f-7809-45b5-b5b1-5c47d0be3b53,Mesosiderite meteorite,7,rock,A brecciated meteorite containing subequal silicate (mostly igneous rock fragments) and metallic components.,50269,49960,1,,Mesosiderite
331,49906,1:1:49906:0,2cdcd01a-b928-4aed-a11f-f7a3054145ec,Mesosiderite-A meteorite,7,rock,A mesosiderite of petrologic class A.,49905,0,1,,Mesosiderite-A
332,49907,1:1:49907:9,ce72a259-7ef5-4ebe-96e3-9bef5c1adee4,Mesosiderite-A1 meteorite,7,rock,A mesosiderite of petrologic class A and metamorphic grade 1.,49906,0,1,,Mesosiderite-A1
333,49908,1:1:49908:8,5c1e8d0c-c232-43e3-9b53-f7025c193245,Mesosiderite-A2 meteorite,7,rock,A mesosiderite of petrologic class A and metamorphic grade 2.,49906,0,1,,Mesosiderite-A2
334,49909,1:1:49909:7,b5931cfb-5ac1-426e-a114-c92215530dae,Mesosiderite-A3 meteorite,7,rock,A mesosiderite of petrologic class A and metamorphic grade 3.,49906,0,1,,Mesosiderite-A3
335,49910,1:1:49910:3,6b221571-0930-48db-a2b1-eef2d8698562,Mesosiderite-A4 meteorite,7,rock,A mesosiderite of petrologic class A and metamorphic grade 4.,49906,0,1,,Mesosiderite-A4
336,49911,1:1:49911:2,d024057d-96d5-463e-84c6-f6a9d7076154,Anomalous mesosiderite meteorite,7,rock,A mesosiderite with anomalous properties.,49906,0,0,,Mesosiderite-an
337,49912,1:1:49912:1,a1d5370d-f10f-440b-a382-b5f8d3547ef6,Mesosiderite-B meteorite,7,rock,A mesosiderite of petrologic class B.,49905,0,1,,Mesosiderite-B
338,49913,1:1:49913:0,63882ec4-13c2-4ce6-8928-eec412727cc2,Mesosiderite-B1 meteorite,7,rock,A mesosiderite of petrologic class B and metamorphic grade 1.,49912,0,1,,Mesosiderite-B1
339,49914,1:1:49914:9,3882da26-1afe-433b-8a85-136664511bce,Mesosiderite-B2 meteorite,7,rock,A mesosiderite of petrologic class B and metamorphic grade 2.,49912,0,1,,Mesosiderite-B2
340,49915,1:1:49915:8,5b791908-d051-498f-8d4b-66200e3a3ada,Mesosiderite-B3 meteorite,7,rock,A mesosiderite of petrologic class B and metamorphic grade 3.,49912,0,1,,Mesosiderite-B3
341,49916,1:1:49916:7,96bb9375-746c-48aa-8ebc-0a2630fddad8,Mesosiderite-B4 meteorite,7,rock,A mesosiderite of petrologic class B and metamorphic grade 4.,49912,0,1,,Mesosiderite-B4
342,49917,1:1:49917:6,6f50b8d4-b4f0-4965-8c9a-0c9703499d21,Mesosiderite-C meteorite,7,rock,A mesosiderite of petrologic class C.,49905,0,1,,Mesosiderite-C
343,49918,1:1:49918:5,5f6c1961-5756-4ced-8c57-83e8af52e973,Mesosiderite-C2 meteorite,7,rock,A mesosiderite of petrologic class C and metamorphic grade 2.,49917,0,1,,Mesosiderite-C2
344,49920,1:1:49920:0,a78bf539-3d90-4712-9c3d-8f9024a8c017,IC iron meteorite,7,rock,An iron group meteorite of chemical group IC.,49919,49961,1,,"Iron, IC"
345,49921,1:1:49921:9,540c9c36-9fd6-4f73-95df-f72ed6075c50,Anomalous IC iron meteorite,7,rock,An IC iron meteorite with anomalous properties.,49920,0,0,,"Iron, IC-an"
346,49922,1:1:49922:8,1f20f4c4-2264-4016-9c85-a85c953ff439,IIAB iron meteorite,7,rock,An iron group meteorite of chemical group IIAB.,49919,49961,1,,"Iron, IIAB"
347,49923,1:1:49923:7,629ebd15-3754-47b8-8f09-4134607b0951,Anomalous IIAB iron meteorite,7,rock,An IIAB iron meteorite with anomalous properties.,49922,0,0,,"Iron, IIAB-an"
348,49924,1:1:49924:6,3fb9d5e2-b364-4299-aa1c-624733779014,IIC iron meteorite,7,rock,An iron group meteorite of chemical group IIC.,49919,49961,1,,"Iron, IIC"
349,49925,1:1:49925:5,7534d660-3f26-40b8-9b3f-ccb8e3de2d85,IID iron meteorite,7,rock,An iron group meteorite of chemical group IID.,49919,49961,1,,"Iron, IID"
350,49926,1:1:49926:4,7cadd355-7a3e-4cd3-ac07-ba6202fbd701,Anomalous IID iron meteorite,7,rock,An IID iron meteorite with anomalous properties.,49925,0,0,,"Iron, IID-an"
351,49927,1:1:49927:3,f77b36e2-da95-4f28-a8e4-52846e25b019,IIE iron meteorite,7,rock,An iron group meteorite of chemical group IIE.,49919,49962,1,,"Iron, IIE"
352,49928,1:1:49928:2,46878fe3-9ef3-4cd1-bc81-e30b6bc58500,Anomalous IIE iron meteorite,7,rock,An IIE iron meteorite with anomalous properties.,49927,0,0,,"Iron, IIE-an"
353,49929,1:1:49929:1,36970600-fadf-445f-8451-df43628f5843,IIF iron meteorite,7,rock,An iron group meteorite of chemical group IIF.,49919,49961,1,,"Iron, IIF"
354,49930,1:1:49930:7,dfe3f97c-13fa-4604-af14-3a2298f39cc5,IIIAB iron meteorite,7,rock,An iron group meteorite of chemical group IIIAB.,49919,49961,1,,"Iron, IIIAB"
355,49931,1:1:49931:6,c2267948-1277-4801-ac1d-7e6c29d50010,Anomalous IIIAB iron meteorite,7,rock,An IIIAB iron meteorite with anomalous properties.,49930,0,0,,"Iron, IIIAB-an"
356,49932,1:1:49932:5,2ec69de7-e3c0-4962-a4e2-02a593599f3c,IIIE iron meteorite,7,rock,An iron group meteorite of chemical group IIIE.,49919,49961,1,,"Iron, IIIE"
357,49933,1:1:49933:4,5ca9578f-f5e7-4dff-9696-38996f4c179c,Anomalous IIIE iron meteorite,7,rock,An IIIE iron meteorite with anomalous properties.,49932,0,0,,"Iron, IIIE-an"
358,49934,1:1:49934:3,952e7d7a-1bfd-44dd-8802-1deb34d76af8,IIIF iron meteorite,7,rock,An iron group meteorite of chemical group IIIF.,49919,49961,1,,"Iron, IIIF"
359,49935,1:1:49935:2,b97ddf32-93b2-4dfa-b664-5ae84f0aae23,IVA iron meteorite,7,rock,An iron group meteorite of chemical group IVA.,49919,49961,1,,"Iron, IVA"
360,49936,1:1:49936:1,cce2b356-52be-4bdb-a4a5-642d0889d53b,Anomalous IVA iron meteorite,7,rock,An IVA iron meteorite with anomalous properties.,49935,0,0,,"Iron, IVA-an"
361,49937,1:1:49937:0,77a222ef-0b68-4df8-87ea-ee2971792b10,IVB iron meteorite,7,rock,An iron group meteorite of chemical group IVB.,49919,49961,1,,"Iron, IVB"
362,49938,1:1:49938:9,7b6606ff-2a54-42cc-8771-71e5f0df91db,Martian achrondite meteorite,7,rock,A class of achronditic Martian meteorites.,50269,0,1,,Martian
363,49939,1:1:49939:8,3a904449-9db3-44d3-95ee-e9eebba3fa27,Shergottite meteorite,7,rock,A class of Martian meteorites comprising basalt and gabbro formed from subalkaline magmas.,49938,0,1,,Martian (shergottite)
364,49945,1:1:49945:9,e6fab993-759a-4ed5-9224-14f5dd5201ff,Nakhlite meteorite,7,rock,A clinopyroxenite composition Martian meteorite.,49938,0,1,,Martian (nakhlite)
365,49947,1:1:49947:7,f47c1f7b-29ba-46f9-b05e-67cf19c89202,Chassignite meteorite,7,rock,A dunite composition Martian meteorite.,49938,48408,1,,Martian (chassignite)
366,49950,1:1:49950:1,978e8e25-b66d-4b0d-8809-e61d97c93777,Anorthositic Lunar meteorite,7,rock,A lunar achondrite meteorite that is primarily anorthositic.,50275,0,1,,Lunar (anorth)
367,49951,1:1:49951:0,6cd27a86-cee6-4ce1-8512-32de2c3322ca,Basaltic breccia Lunar meteorite,7,rock,A lunar achondrite meteorite that is a breccia of primarily basaltic lithologies.,49955,0,1,,Lunar (bas. breccia)
368,49952,1:1:49952:9,062fab5b-768e-461c-9195-c15e9113ca8c,Basaltic and anorthositic Lunar meteorite,7,rock,A lunar achondrite meteorite that has both basaltic and anorthositic lithologies.,49955,0,1,,Lunar (bas/anor)
369,49953,1:1:49953:8,7c4e3dfb-d331-4731-808a-489935bee85b,Basaltic and gabbroic breccia Lunar meteorite,7,rock,A lunar achondrite meteorite that is a breccia of both basaltic and gabbroic lithologies.,49951,0,1,,Lunar (bas/gab brec)
370,49954,1:1:49954:7,27b42bee-6c8a-4969-987c-f0da316aaeca,Feldspathic breccia Lunar meteorite,7,rock,A lunar achondrite meteorite that is a breccia of primarily feldspathic lithologies.,50275,0,1,,Lunar (feldsp. breccia)
371,49955,1:1:49955:6,03b32744-29ca-4702-9ee4-bfa43a3e13ef,Basaltic Lunar meteorite,7,rock,A lunar achondrite meteorite that is primarily basaltic.,50275,0,1,,Lunar (basalt)
372,49956,1:1:49956:5,96bbd174-9ca5-49c5-846a-c5d3e4dcc004,Gabbroic Lunar meteorite,7,rock,A lunar achondrite meteorite that is primarily gabbroic.,50275,0,1,,Lunar (gabbro)
373,49957,1:1:49957:4,6fb24188-8a42-4e37-a49d-1c4b3f94bcf5,Noritic Lunar meteorite,7,rock,A lunar achondrite meteorite that is primarily noritic.,50275,0,1,,Lunar (norite)
374,49958,1:1:49958:3,8b762edc-3f81-49d2-909f-fbbed2799346,Olivine-bearing gabbroic Lunar meteorite,7,rock,A lunar achondrite meteorite that is primarily an olivine-bearing gabbro.,49956,0,1,,Lunar (olivine gabbro)
375,49959,1:1:49959:2,0409a6f4-4820-46ea-9b68-60541d64c351,Trocolitic anorthositic Lunar meteorite,7,rock,A lunar achondrite meteorite that is primarily made up of troctolitic anorthosite.,49950,0,1,,Lunar (troct. anorth.)
376,49960,1:1:49960:8,e1b31fb3-fa01-44b8-a385-8daab584a987,Iron meteorite,7,rock,Meteorites composed primarily of meteoritic iron - this is an alternative classification category.,49514,0,1,,Iron
377,50275,1:1:50275:3,5517bf65-d88b-49b0-a9ed-93e17744c7c1,Lunar achondrite meteorite,7,rock,,50269,0,1,,Lunar
378,50444,1:1:50444:1,0b72ea3f-0fcf-4b40-a744-243d37c28d9d,CM1-2 chondrite meteorite,7,rock,A CM chondrite that is a breccia containing materials of petrologic type 1 and 2.,49553,49557,0,,CM1-2
379,50445,1:1:50445:0,ec0d255d-cb78-4b90-afae-ee9a66caedb5,H/L3 chondrite meteorite,7,rock,An H chondrite or L chondrite that is of petrological type 3.,49585,49649,0,,H/L3
380,50446,1:1:50446:9,86d625ac-7bb3-4416-a875-228cbd45f055,H3-4 chondrite meteorite,7,rock,An H chondrite that is a breccia of components ranging from petrologic type 3 to type 4.,49585,49606,0,,H3-4
381,50447,1:1:50447:8,f27efe15-9952-4893-bcac-3342950f52aa,H/L4-5 chondrite meteorite,7,rock,An H chondrite or L chondrite that is a breccia of petrological type 4 and 5 components.,49609,49617,0,,H/L4-5
382,50448,1:1:50448:7,6324bd2f-5fd7-4664-b7f9-d8a8de4a59f0,H4-5 chondrite meteorite,7,rock,An H chondrite that is a breccia of petrological type 4 and 5 components.,49606,0,0,,H4-5
383,50449,1:1:50449:6,eea90411-b766-4b39-b71a-c02db5e23573,H/L6 chondrite meteorite,7,rock,An H chondrite or L chondrite that is of petrological type 6.,49619,49710,0,,H/L6
384,50450,1:1:50450:2,9c3d523f-fbdc-4779-924f-71fcbaa2f477,L3.4 chondrite meteorite,7,rock,An L chondrite that is petrologic type 3.4.,49649,0,0,,L3.4
385,50451,1:1:50451:1,6d1a011e-6dcf-41e4-99d9-be3ec8056996,L3/4 chondrite meteorite,7,rock,An L chondrite that is petrologic type 3 to 4.,49649,49695,0,,L3/4
386,50452,1:1:50452:0,3492fab8-1f27-4dab-b892-498394b6de9a,L(LL)3 chondrite meteorite,7,rock,"An L chondrite (or less likely, an LL chondrite) that is of petrologic type 3.",49649,49746,0,,L(LL)3
387,50453,1:1:50453:9,78c13869-6c8a-4926-9c2f-b763ba049430,L/LL3 chondrite meteorite,7,rock,An L chondrite or LL chondrite that is of petrological type 3.,49649,49746,0,,L/LL3
388,50454,1:1:50454:8,f92bbba8-2f1f-4679-b94e-71513f5dff67,L/LL3.1 chondrite meteorite,7,rock,An L chondrite or LL chondrite that is of petrological type 3.1.,49683,0,0,,L/LL3.10
389,50455,1:1:50455:7,adb247df-be5d-4c36-bff1-611447655f33,L/LL3.2 chondrite meteorite,7,rock,An L chondrite or LL chondrite that is of petrological type 3.2.,50453,0,0,,L/LL3.2
390,50456,1:1:50456:6,14e7f599-3778-429a-89cb-cf2e7a6d79ec,L4-5 chondrite meteorite,7,rock,An L chondrite that is a breccia of petrological types 4 to 5.,49695,49702,0,,L4-5
391,50457,1:1:50457:5,cc79b136-16dc-448f-96f5-5a6dc3be76ae,L(LL)5 chondrite meteorite,7,rock,"An L chondrite (or less likely, an LL chondrite) that is of petrologic type 5.",49702,49772,0,,L(LL)5
392,50458,1:1:50458:4,ac663c3a-435b-4247-a72e-87171095b730,L/LL5-6 chondrite meteorite,7,rock,"An L chondrite (or less likely, an LL chondrite) that is a breccia of components ranging from petrologic type 5 to 6.",49703,50459,0,,L/LL5-6
393,50459,1:1:50459:3,416b7682-f783-4fa1-94ab-a12ac93a992e,L(LL)6 chondrite meteorite,7,rock,"An L chondrite (or less likely, an LL chondrite) that is of petrologic type 6.",49710,49776,0,,L(LL)6
394,50460,1:1:50460:9,f32eb394-db41-4e08-ac92-2e491d8c3884,LL3-4 chondrite meteorite,7,rock,An LL chondrite that is a breccia of petrological types 3 to 4.,49746,49768,0,,LL3-4
395,50461,1:1:50461:8,b3b48d10-ce16-4ddd-91f9-bda87dc8b461,LL3.4 chondrite meteorite,7,rock,An LL chondrite that is petrologic type 3.4.,49746,0,0,,LL3.4
396,50462,1:1:50462:7,d5b57c95-d48f-4dbe-9dbf-cd701233f9ef,LL4-5 chondrite meteorite,7,rock,An LL chondrite that is a breccia of petrological types 4 to 5.,49768,49772,0,,LL4-5
397,50463,1:1:50463:6,2ae996be-f9a4-4e45-ae78-86b65b95f391,LL5-6 chondrite meteorite,7,rock,An LL chondrite that is a breccia of petrological types 5 to 6.,49772,49776,0,,LL5-6
398,52197,1:1:52197:0,2c3e59d4-be7e-46c4-abce-6d96816be428,Orthopyroxene-rich Martian meteorite,7,rock,"An orthopyroxene-rich martian meteorite; this martian meteorite is not assigned to the shergottite, nakhlite, or chassignite types.",49938,0,0,,Martian (OPX)
399,52198,1:1:52198:9,ee8d8484-d5cc-457d-b67b-e3e353f6af31,Martian (basaltic breccia) meteorite,7,rock,"A martian meteorite that is a breccia dominantly composed of basaltic clasts; this martian meteorite is not assigned to the shergottite, nakhlite, or chassignite types.",49938,0,0,,Martian (basaltic breccia)
400,52199,1:1:52199:8,b9ee7d39-8f62-4ee7-94d7-59f9bf63f803,H3.5 chondrite meteorite,7,rock,An H chondrite that is petrological type 3.5,49585,0,0,,H3.5
401,52200,1:1:52200:3,3fd5fce7-9002-40a1-b941-5a66cc7cf2a1,H3.4 chondrite meteorite,7,rock,An H chondrite that is petrological type 3.4,49585,0,0,,H3.4
402,52201,1:1:52201:2,d70114ef-8181-471f-b016-d20501d4d4e0,Ungrouped Achondrite meteorite,7,rock,"A stony meteorite that lacks chondrules and originated on a differentiated parent body, which has been well-enough characterized to determine that it does not fit into any of the established groups.",50269,0,0,,Achondrite-ung
403,52202,1:1:52202:1,5451fa40-2062-40a9-924d-197e7eba6476,Ungrouped C chondrite meteorite,7,rock,A carbonaceous chondrite of unspecified petrologic type that is ungrouped.,49520,0,0,,C-ung
404,52203,1:1:52203:0,509549fb-0a96-47e0-9679-4ddcb72b1d65,CK3-6 chondrite meteorite,7,rock,A carbonaceous chondrite of the CK group with clasts ranging from petrologic type type 3 to type 6.,49544,49551,0,,CK3-6
405,52204,1:1:52204:9,94eda33b-20ff-4675-8b40-01300d2c5507,CH/CBb chondrite meteorite,7,rock,A carbonaceous chondrite that is transitional between the CH group and the b-subgroup of the CB group,49539,49538,0,,CH/CBb
406,52205,1:1:52205:8,097d8710-0845-4c8b-a426-2497d51976c4,CK4/5 chondrite meteorite,7,rock,A carbonaceous chondrite of the CK group that is either petrologic type 4 or type 5.,49548,49550,0,,CK4/5
407,52206,1:1:52206:7,32eff641-77f3-4462-af5a-4b105121afa2,Anomalous CK5 chondrite meteorite,7,rock,A carbonaceous chondrite of the CK group that is anomalous and petrologic type 5.,49550,0,0,,CK5-an
408,52207,1:1:52207:6,636b2d56-d59b-4b19-932b-dfbbc142e24a,CK5/6 chondrite meteorite,7,rock,A carbonaceous chondrite of the CK group that is either petrologic type 5 or type 6.,49550,49551,0,,CK5/6
409,52208,1:1:52208:5,f9b4fa93-fe74-46ff-a276-9b8b06433dfc,EH4/5 chondrite meteorite,7,rock,An enstatite chondrite of the EH group that is either petrologic type 4 or 5.,49813,0,0,,EH4/5
410,52209,1:1:52209:4,7aa36443-a701-492c-8e5b-b1bb8e655a08,R3-4 chondrite meteorite,7,rock,An R chondrite that is a breccia of type 3 and type 4 components.,49835,49836,0,,R3-4
411,52210,1:1:52210:0,f303de6f-0ee9-4ed5-8ac7-17c7e5549a3a,R3-5 chondrite meteorite,7,rock,An R chondrite that is a breccia of type 3 to type 5 components.,49835,49837,0,,R3-5
412,52211,1:1:52211:9,90f10627-1837-4eed-94e5-02e1b74c138e,R3-6 chondrite meteorite,7,rock,An R chondrite that is a breccia of type 3 to type 6 components.,49835,49838,0,,R3-6
413,52212,1:1:52212:8,f54a971f-1549-49ff-8b08-7c73e8ca6d05,R3.4 chondrite meteorite,7,rock,An R chondrite that is petrologic type 3.4,49835,0,0,,R3.4
414,52213,1:1:52213:7,b8ff9a6e-55b7-4dee-bc9d-17359dd684ac,R3.5-4 chondrite meteorite,7,rock,An R chondrite that is a breccia of type 3.5 to type 4 components.,52209,0,0,,R3.5-4
415,52214,1:1:52214:6,7506cca5-e84f-4080-9dfc-55e247acbec0,R3.5-6 chondrite meteorite,7,rock,An R chondrite that is a breccia of components ranging from petrologic type 3.5 to type 6.,52211,0,0,,R3.5-6
416,52215,1:1:52215:5,229cc810-cef2-4124-a715-8f9e3305fc42,R3.6 chondrite meteorite,7,rock,An R chondrite that is petrologic type 3.6,49835,0,0,,R3.6
417,52216,1:1:52216:4,0267ad86-fb1b-4af8-b019-330af9aaee03,R3.7 chondrite meteorite,7,rock,An R chondrite that is petrologic type 3.7,49835,0,0,,R3.7
418,52217,1:1:52217:3,53d6a36e-dc68-4ad4-8446-7e8502780ace,R3.8 chondrite meteorite,7,rock,An R chondrite that is petrologic type 3.8,49835,0,0,,R3.8
419,52218,1:1:52218:2,6944b882-8d8a-4f79-a12e-8774b544ddd7,R3.8-5 chondrite meteorite,7,rock,An R chondrite that is a breccia of components ranging from petrologic type 3.8 to type 5.,52210,0,0,,R3.8-5
420,52219,1:1:52219:1,d0615117-ac3f-4b1f-b375-ca2b96e2bdaa,R3.8-6 chondrite meteorite,7,rock,An R chondrite that is a breccia of components ranging from petrologic type 3.8 to type 6.,52211,0,0,,R3.8-6
421,52220,1:1:52220:7,61e1e925-93c8-4105-9bbc-0f05c1d3128d,R3.9 chondrite meteorite,7,rock,An R chondrite of petrologic type 3.9,49835,0,0,,R3.9
422,52221,1:1:52221:6,67e84740-748d-4dfa-83bc-dc6daa3949b0,R3/4 chondrite meteorite,7,rock,An R chondrite that is either petrologic type 3 or type 4.,49835,49836,0,,R3/4
423,52222,1:1:52222:5,ccb96abf-4898-4b5a-a94d-7febe29ca594,R4-5 chondrite meteorite,7,rock,An R chondrite that is a breccia of components ranging from petrologic type 4 to type 5.,49836,49837,0,,R4-5
424,52223,1:1:52223:4,b57492cd-e6a9-49fd-9154-ce8065cc3755,R4-6 chondrite meteorite,7,rock,An R chondrite that is a breccia of components ranging from petrologic type 4 to type 6.,49836,49838,0,,R4-6
425,52224,1:1:52224:3,91bcd46b-39ee-4150-9038-e53b303128d7,R4/5 chondrite meteorite,7,rock,An R chondrite that is either petrologic type 4 or type 5.,49836,49837,0,,R4/5
426,52225,1:1:52225:2,a565479d-cd5b-4e53-a16a-e32f695fba23,Mesosiderite-A3/4 meteorite,7,rock,A mesosiderite of petrologic class A and metamorphic grade 3 or 4.,49909,49910,0,,Mesosiderite-A3/4
427,52226,1:1:52226:1,143d93b7-6104-4ab0-822c-05ccd12f7fa7,H3.8 chondrite meteorite,7,rock,An ordinary chondrite from the H group that is petrologic type 3.8,49585,0,0,,H3.8
428,52227,1:1:52227:0,bf47f61d-4c17-432c-a8b3-142c28e93e21,H3.9 chondrite meteorite,7,rock,An ordinary chondrite from the H group that is petrologic type 3.9,49585,0,0,,H3.9
429,52228,1:1:52228:9,a3aad6e5-989b-4915-8a88-0137567e8c0e,H3.6 chondrite meteorite,7,rock,An ordinary chondrite from the H group that is petrologic type 3.6,49585,0,0,,H3.6
430,52229,1:1:52229:8,c52cd725-8780-45f0-b8f4-58f1455c8534,H3.7 chondrite meteorite,7,rock,An ordinary chondrite from the H group that is petrologic type 3.7,49585,0,0,,H3.7
431,52231,1:1:52231:3,f6b77399-b563-41e1-a291-abfb6f0a01f9,Ungrouped iron meteorite,7,rock,,49960,0,0,,"Iron, ungrouped"
432,52237,1:1:52237:7,7fe59a73-3984-4e98-8ec8-5840d8abee9a,Relict meteorite,7,rock,A highly altered object that is likely to have a meteoritic origin. These are dominantly (>95%) composed of secondary minerals formed from alteration after it landed.,49514,0,1,,Relict meteorite
433,52238,1:1:52238:6,ec668dd3-39e7-462f-9784-d0903d5338f6,Relict H meteorite,7,rock,A relict meteorite that originated as an H group ordinary chondrite.,52237,0,0,,Relict H
434,52239,1:1:52239:5,0c9bd432-8ba9-4188-ac7e-8b2e55ecb90b,Relict iron meteorite,7,rock,A relict meteorite that originated as an iron meteorite.,52237,0,0,,Relict iron
435,52240,1:1:52240:1,d184b130-7ff1-4dd3-b312-8865566fe78b,Relict OC meteorite,7,rock,A relict meteorite that originated as an ordinary chondrite.,52237,0,0,,Relict OC
436,52241,1:1:52241:0,e199225c-8084-41d3-86c4-bc55387c0047,Relict ureilite meteorite,7,rock,A relict meteorite that originated as a ureilite.,52237,0,0,,Relict ureilite
437,52360,1:1:52360:4,c7c09658-a546-4500-84ee-9861a7641b13,Anomalous EH7 chondrite meteorite,7,rock,An enstatite chondrite of the EH group that is petrologic type 7 and has anomalous properties.,49819,0,0,,EH7-an
438,52368,1:1:52368:6,2b2a93d2-97f0-44e6-8aff-10e252e4675d,H3.3 chondrite meteorite,7,rock,An H chondrite meteorite that is of petrologic type 3.3,49585,0,0,,H3.3
439,52369,1:1:52369:5,d839986c-5e8b-4625-9b70-973443768710,Unclassified stony meteorite,7,rock,A stony meteorite that has not yet been classified.,49514,0,0,,Stone-uncl
440,52370,1:1:52370:1,8bf432d8-8397-453b-9d85-79155c8cb6f4,IIG iron meteorite,7,rock,An iron meteorite belonging to chemical group IIG,49919,0,0,,"Iron, IIG"
441,52371,1:1:52371:0,d1b5813a-1548-49ab-a2d5-9d051b68dd0b,Ungrouped pallasite meteorite,7,rock,"A pallasite that is neither a member of the main group nor the Eagle Station grouplet, and is therefore ungrouped.",49898,0,0,,"Pallasite, ungrouped"
442,52372,1:1:52372:9,5ec905dc-67db-44ab-a287-cdbae708e6e4,Anomalous aubrite meteorite,7,rock,An aubrite with certain anomalous properties.,49873,0,0,,Aubrite-an
443,52373,1:1:52373:8,79db03ac-1c59-4104-9468-d3c92ae02bc7,Possible iron meteorite,7,rock,A possible iron meteorite that has not been classified.,49960,0,0,,Iron?
444,52374,1:1:52374:7,99ac4188-a89b-44d3-b93e-1f774f425586,OC3 chondrite meteorite,7,rock,"An ordinary chondrite, not yet assigned to a group, that is petrologic type 3.",49581,0,0,,OC3
445,52393,1:1:52393:2,ef6667bf-58da-4115-9c4c-0a63fee588e5,Possible IAB complex iron meteorite,7,rock,An iron meteorite that may belong to the IAB complex.,49851,0,0,,"Iron, IAB?"
446,52394,1:1:52394:1,36be94ff-1d76-46df-866f-535d7219b2a4,LL7 chondrite meteorite,7,rock,"An ordinary chondrite from the LL group that is petrologic type 7.

Note: Type 7 designates chondrites which have been metamorphosed to nearly the point of melting. Minerals are equilibrated and chondrules are indistinct or absent. This term is not u...",49745,0,0,,LL7
447,52395,1:1:52395:0,56c71848-e6c0-490c-be65-7497de84c002,Anomalous H3.8 chondrite meteorite,7,rock,An ordinary chondrite from the H group that is petrologic type 3.8 and has anomalous properties.,52226,0,0,,H3.8-an
448,52396,1:1:52396:9,8715c638-0969-4e29-a99d-d5078b9c3faf,CO3-melt breccia chondrite meteorite,7,rock,A carbonaceous chondrite of the CO group that is petrologic type 3 and is a breccia with melted material forming the matrix.,49560,0,0,,CO3-melt breccia
